﻿/*
Post-Deployment Script Template							
--------------------------------------------------------------------------------------
 This file contains SQL statements that will be appended to the build script.		
 Use SQLCMD syntax to include a file in the post-deployment script.			
 Example:      :r .\myfile.sql								
 Use SQLCMD syntax to reference a variable in the post-deployment script.		
 Example:      :setvar TableName MyTable							
               SELECT * FROM [$(TableName)]					
--------------------------------------------------------------------------------------
*/




/*
	The order here is important
*/
IF not EXISTS (SELECT  * from [MetaData].[FieldType])
BEGIN
insert into [MetaData].[FieldType] ([FieldTypeId],[Description]) values (0,'String');
insert into [MetaData].[FieldType] ([FieldTypeId],[Description]) values (1,'Number');
insert into [MetaData].[FieldType] ([FieldTypeId],[Description]) values (2,'Date');
insert into [MetaData].[FieldType] ([FieldTypeId],[Description]) values (3,'Boolean');
insert into [MetaData].[FieldType] ([FieldTypeId],[Description]) values (4,'Lookup');
insert into [MetaData].[FieldType] ([FieldTypeId],[Description]) values (5,'Lookup w. New Values');
insert into [MetaData].[FieldType] ([FieldTypeId],[Description]) values (6,'GUID');
END

truncate table [MetaData].[Field]
GO
SET IDENTITY_INSERT [MetaData].[Field] ON
insert into [MetaData].[Field] ([FieldId],[FieldTypeId],[FieldNameIn],[FieldNameSql],[FieldNameStorage],[Description],[ElementSql],[RangeMin],[RangeMax],[SpecialRule],[isRequired],[isDeviceData],[isMultiple],[isAppend],[isDynamic],[isDeleted],[Expression],[ApplicationId],[IsEnriched]) values (1,0,'AdditionalData1','ApplicationFieldsListJSON',Null,'Old Additional Data Field',Null,Null,Null,0,0,0,0,1,1,0,Null,Null,0);
insert into [MetaData].[Field] ([FieldId],[FieldTypeId],[FieldNameIn],[FieldNameSql],[FieldNameStorage],[Description],[ElementSql],[RangeMin],[RangeMax],[SpecialRule],[isRequired],[isDeviceData],[isMultiple],[isAppend],[isDynamic],[isDeleted],[Expression],[ApplicationId],[IsEnriched]) values (2,0,'AdditionalData2','ApplicationFieldsListJSON',Null,'Old Additional Data Field 2',Null,Null,Null,0,0,0,0,1,1,0,Null,Null,0);
insert into [MetaData].[Field] ([FieldId],[FieldTypeId],[FieldNameIn],[FieldNameSql],[FieldNameStorage],[Description],[ElementSql],[RangeMin],[RangeMax],[SpecialRule],[isRequired],[isDeviceData],[isMultiple],[isAppend],[isDynamic],[isDeleted],[Expression],[ApplicationId],[IsEnriched]) values (3,0,'AppVersion','AppVersion',Null,'Application Version',Null,Null,Null,0,0,0,0,0,0,0,Null,Null,0);
insert into [MetaData].[Field] ([FieldId],[FieldTypeId],[FieldNameIn],[FieldNameSql],[FieldNameStorage],[Description],[ElementSql],[RangeMin],[RangeMax],[SpecialRule],[isRequired],[isDeviceData],[isMultiple],[isAppend],[isDynamic],[isDeleted],[Expression],[ApplicationId],[IsEnriched]) values (4,0,'BR','DeviceInfoJSON',Null,'BIOS Revision',Null,Null,Null,0,0,1,0,1,0,0,Null,Null,0);
insert into [MetaData].[Field] ([FieldId],[FieldTypeId],[FieldNameIn],[FieldNameSql],[FieldNameStorage],[Description],[ElementSql],[RangeMin],[RangeMax],[SpecialRule],[isRequired],[isDeviceData],[isMultiple],[isAppend],[isDynamic],[isDeleted],[Expression],[ApplicationId],[IsEnriched]) values (5,0,'BV','DeviceInfoJSON',Null,'Browser Version','daws.browser',Null,Null,0,0,1,0,1,0,0,Null,Null,0);
insert into [MetaData].[Field] ([FieldId],[FieldTypeId],[FieldNameIn],[FieldNameSql],[FieldNameStorage],[Description],[ElementSql],[RangeMin],[RangeMax],[SpecialRule],[isRequired],[isDeviceData],[isMultiple],[isAppend],[isDynamic],[isDeleted],[Expression],[ApplicationId],[IsEnriched]) values (6,0,'CPU','DeviceRegistrationInfoJSON',Null,'CPU Description','daws.cpu',Null,Null,0,0,1,0,1,0,0,Null,Null,0);
insert into [MetaData].[Field] ([FieldId],[FieldTypeId],[FieldNameIn],[FieldNameSql],[FieldNameStorage],[Description],[ElementSql],[RangeMin],[RangeMax],[SpecialRule],[isRequired],[isDeviceData],[isMultiple],[isAppend],[isDynamic],[isDeleted],[Expression],[ApplicationId],[IsEnriched]) values (7,0,'BN','DeviceInfoJSON',Null,'Browser Name','daws.browser',Null,Null,0,0,1,0,1,0,0,Null,Null,0);
insert into [MetaData].[Field] ([FieldId],[FieldTypeId],[FieldNameIn],[FieldNameSql],[FieldNameStorage],[Description],[ElementSql],[RangeMin],[RangeMax],[SpecialRule],[isRequired],[isDeviceData],[isMultiple],[isAppend],[isDynamic],[isDeleted],[Expression],[ApplicationId],[IsEnriched]) values (8,6,'ApiKey','ApplicationId',Null,'Key to lookup application',Null,Null,Null,0,1,0,0,0,0,0,Null,Null,0);
insert into [MetaData].[Field] ([FieldId],[FieldTypeId],[FieldNameIn],[FieldNameSql],[FieldNameStorage],[Description],[ElementSql],[RangeMin],[RangeMax],[SpecialRule],[isRequired],[isDeviceData],[isMultiple],[isAppend],[isDynamic],[isDeleted],[Expression],[ApplicationId],[IsEnriched]) values (9,0,'DNV','DotNetVersionList',Null,'DOT NET Version',Null,Null,Null,0,0,1,1,1,0,0,Null,Null,0);
insert into [MetaData].[Field] ([FieldId],[FieldTypeId],[FieldNameIn],[FieldNameSql],[FieldNameStorage],[Description],[ElementSql],[RangeMin],[RangeMax],[SpecialRule],[isRequired],[isDeviceData],[isMultiple],[isAppend],[isDynamic],[isDeleted],[Expression],[ApplicationId],[IsEnriched]) values (10,3,'EULA','ApplicationFieldsListJSON',Null,'End User License Agreement',Null,Null,Null,0,0,0,0,1,0,0,Null,Null,0);
insert into [MetaData].[Field] ([FieldId],[FieldTypeId],[FieldNameIn],[FieldNameSql],[FieldNameStorage],[Description],[ElementSql],[RangeMin],[RangeMax],[SpecialRule],[isRequired],[isDeviceData],[isMultiple],[isAppend],[isDynamic],[isDeleted],[Expression],[ApplicationId],[IsEnriched]) values (11,2,'EventDateTime','EventDateTime',Null,'Event DateTimeStamp UTC',Null,Null,Null,0,0,0,0,0,0,0,Null,Null,0);
insert into [MetaData].[Field] ([FieldId],[FieldTypeId],[FieldNameIn],[FieldNameSql],[FieldNameStorage],[Description],[ElementSql],[RangeMin],[RangeMax],[SpecialRule],[isRequired],[isDeviceData],[isMultiple],[isAppend],[isDynamic],[isDeleted],[Expression],[ApplicationId],[IsEnriched]) values (12,0,'EventTrackingCode','ApplicationFieldsListJSON',Null,'Event Tracking Code',Null,Null,Null,0,0,0,0,1,0,0,Null,Null,0);
insert into [MetaData].[Field] ([FieldId],[FieldTypeId],[FieldNameIn],[FieldNameSql],[FieldNameStorage],[Description],[ElementSql],[RangeMin],[RangeMax],[SpecialRule],[isRequired],[isDeviceData],[isMultiple],[isAppend],[isDynamic],[isDeleted],[Expression],[ApplicationId],[IsEnriched]) values (13,0,'EventTypeName','EventTypeId',Null,'Event Type Name','daws.EventType',Null,Null,0,1,0,0,0,0,0,Null,Null,0);
insert into [MetaData].[Field] ([FieldId],[FieldTypeId],[FieldNameIn],[FieldNameSql],[FieldNameStorage],[Description],[ElementSql],[RangeMin],[RangeMax],[SpecialRule],[isRequired],[isDeviceData],[isMultiple],[isAppend],[isDynamic],[isDeleted],[Expression],[ApplicationId],[IsEnriched]) values (14,1,'ExitCode','ApplicationFieldsListJSON',Null,'Process Exit Code',Null,Null,Null,0,0,0,0,1,0,0,Null,Null,0);
insert into [MetaData].[Field] ([FieldId],[FieldTypeId],[FieldNameIn],[FieldNameSql],[FieldNameStorage],[Description],[ElementSql],[RangeMin],[RangeMax],[SpecialRule],[isRequired],[isDeviceData],[isMultiple],[isAppend],[isDynamic],[isDeleted],[Expression],[ApplicationId],[IsEnriched]) values (15,1,'FileSize','ApplicationFieldsListJSON',Null,'File Size',Null,Null,Null,0,0,0,0,1,0,0,Null,Null,0);
insert into [MetaData].[Field] ([FieldId],[FieldTypeId],[FieldNameIn],[FieldNameSql],[FieldNameStorage],[Description],[ElementSql],[RangeMin],[RangeMax],[SpecialRule],[isRequired],[isDeviceData],[isMultiple],[isAppend],[isDynamic],[isDeleted],[Expression],[ApplicationId],[IsEnriched]) values (16,0,'FileVersion','ApplicationFieldsListJSON',Null,'File Version',Null,Null,Null,0,0,0,0,1,0,0,Null,Null,0);
insert into [MetaData].[Field] ([FieldId],[FieldTypeId],[FieldNameIn],[FieldNameSql],[FieldNameStorage],[Description],[ElementSql],[RangeMin],[RangeMax],[SpecialRule],[isRequired],[isDeviceData],[isMultiple],[isAppend],[isDynamic],[isDeleted],[Expression],[ApplicationId],[IsEnriched]) values (17,0,'Filename','Filename',Null,'Filename',Null,Null,Null,0,0,0,0,0,0,0,Null,Null,0);
insert into [MetaData].[Field] ([FieldId],[FieldTypeId],[FieldNameIn],[FieldNameSql],[FieldNameStorage],[Description],[ElementSql],[RangeMin],[RangeMax],[SpecialRule],[isRequired],[isDeviceData],[isMultiple],[isAppend],[isDynamic],[isDeleted],[Expression],[ApplicationId],[IsEnriched]) values (18,1,'GeoId','DeviceInfoJSON',Null,'GeoId from https://msdn.microsoft.com/en-us/library/windows/desktop/dd374073(v=vs.85).aspx',Null,Null,Null,0,0,1,0,1,0,0,Null,Null,0);
insert into [MetaData].[Field] ([FieldId],[FieldTypeId],[FieldNameIn],[FieldNameSql],[FieldNameStorage],[Description],[ElementSql],[RangeMin],[RangeMax],[SpecialRule],[isRequired],[isDeviceData],[isMultiple],[isAppend],[isDynamic],[isDeleted],[Expression],[ApplicationId],[IsEnriched]) values (19,1,'GbF','DeviceRegistrationInfoJSON',Null,'Harddrive GB Free',Null,Null,Null,0,0,1,0,1,0,0,Null,Null,0);
insert into [MetaData].[Field] ([FieldId],[FieldTypeId],[FieldNameIn],[FieldNameSql],[FieldNameStorage],[Description],[ElementSql],[RangeMin],[RangeMax],[SpecialRule],[isRequired],[isDeviceData],[isMultiple],[isAppend],[isDynamic],[isDeleted],[Expression],[ApplicationId],[IsEnriched]) values (20,0,'IpAddress','DeviceInfoJSON',Null,'IP Address',Null,Null,Null,0,0,1,0,1,0,0,Null,Null,0);
insert into [MetaData].[Field] ([FieldId],[FieldTypeId],[FieldNameIn],[FieldNameSql],[FieldNameStorage],[Description],[ElementSql],[RangeMin],[RangeMax],[SpecialRule],[isRequired],[isDeviceData],[isMultiple],[isAppend],[isDynamic],[isDeleted],[Expression],[ApplicationId],[IsEnriched]) values (21,0,'IsTestDevice','IsTestDevice',Null,'Is Test Device',Null,Null,Null,0,0,1,0,1,0,0,Null,Null,0);
insert into [MetaData].[Field] ([FieldId],[FieldTypeId],[FieldNameIn],[FieldNameSql],[FieldNameStorage],[Description],[ElementSql],[RangeMin],[RangeMax],[SpecialRule],[isRequired],[isDeviceData],[isMultiple],[isAppend],[isDynamic],[isDeleted],[Expression],[ApplicationId],[IsEnriched]) values (22,0,'ItemName','ApplicationFieldsListJSON',Null,'Item Name',Null,Null,Null,0,0,0,0,1,0,0,Null,Null,0);
insert into [MetaData].[Field] ([FieldId],[FieldTypeId],[FieldNameIn],[FieldNameSql],[FieldNameStorage],[Description],[ElementSql],[RangeMin],[RangeMax],[SpecialRule],[isRequired],[isDeviceData],[isMultiple],[isAppend],[isDynamic],[isDeleted],[Expression],[ApplicationId],[IsEnriched]) values (23,0,'LC','DeviceInfoJSON',Null,'Language and Culture (5-digits)',Null,Null,Null,0,0,1,0,1,0,0,Null,Null,0);
insert into [MetaData].[Field] ([FieldId],[FieldTypeId],[FieldNameIn],[FieldNameSql],[FieldNameStorage],[Description],[ElementSql],[RangeMin],[RangeMax],[SpecialRule],[isRequired],[isDeviceData],[isMultiple],[isAppend],[isDynamic],[isDeleted],[Expression],[ApplicationId],[IsEnriched]) values (24,6,'MessageId','MessageId',Null,'Unique Message Id',Null,Null,Null,0,1,0,0,0,0,0,Null,Null,0);
insert into [MetaData].[Field] ([FieldId],[FieldTypeId],[FieldNameIn],[FieldNameSql],[FieldNameStorage],[Description],[ElementSql],[RangeMin],[RangeMax],[SpecialRule],[isRequired],[isDeviceData],[isMultiple],[isAppend],[isDynamic],[isDeleted],[Expression],[ApplicationId],[IsEnriched]) values (25,2,'OCD','DeviceRegistrationInfoJSON',Null,'OOBE Completion Date',Null,Null,Null,0,0,1,0,1,0,0,Null,Null,0);
insert into [MetaData].[Field] ([FieldId],[FieldTypeId],[FieldNameIn],[FieldNameSql],[FieldNameStorage],[Description],[ElementSql],[RangeMin],[RangeMax],[SpecialRule],[isRequired],[isDeviceData],[isMultiple],[isAppend],[isDynamic],[isDeleted],[Expression],[ApplicationId],[IsEnriched]) values (26,1,'OSID','DeviceInfoJSON',Null,'Operating System ID',Null,Null,Null,0,0,1,0,1,0,0,Null,Null,0);
insert into [MetaData].[Field] ([FieldId],[FieldTypeId],[FieldNameIn],[FieldNameSql],[FieldNameStorage],[Description],[ElementSql],[RangeMin],[RangeMax],[SpecialRule],[isRequired],[isDeviceData],[isMultiple],[isAppend],[isDynamic],[isDeleted],[Expression],[ApplicationId],[IsEnriched]) values (27,0,'OSVER','DeviceInfoJSON',Null,'Operating System Version','daws.OperatingSystem',Null,Null,0,0,1,0,1,0,0,Null,Null,0);
insert into [MetaData].[Field] ([FieldId],[FieldTypeId],[FieldNameIn],[FieldNameSql],[FieldNameStorage],[Description],[ElementSql],[RangeMin],[RangeMax],[SpecialRule],[isRequired],[isDeviceData],[isMultiple],[isAppend],[isDynamic],[isDeleted],[Expression],[ApplicationId],[IsEnriched]) values (28,1,'osother','DeviceRegistrationInfoJSON',Null,'Operating System Other Id',Null,Null,Null,0,0,1,0,1,0,0,Null,Null,0);
insert into [MetaData].[Field] ([FieldId],[FieldTypeId],[FieldNameIn],[FieldNameSql],[FieldNameStorage],[Description],[ElementSql],[RangeMin],[RangeMax],[SpecialRule],[isRequired],[isDeviceData],[isMultiple],[isAppend],[isDynamic],[isDeleted],[Expression],[ApplicationId],[IsEnriched]) values (29,1,'OsType','DeviceInfoJSON',Null,'Operating System Type from https://msdn.microsoft.com/en-us/library/windows/desktop/aa394239(v=vs.85).aspx','daws.MapOsTypeToName',Null,Null,2,0,1,0,1,0,0,Null,Null,0);
insert into [MetaData].[Field] ([FieldId],[FieldTypeId],[FieldNameIn],[FieldNameSql],[FieldNameStorage],[Description],[ElementSql],[RangeMin],[RangeMax],[SpecialRule],[isRequired],[isDeviceData],[isMultiple],[isAppend],[isDynamic],[isDeleted],[Expression],[ApplicationId],[IsEnriched]) values (30,3,'PeaVal','DeviceInfoJSON',Null,'??',Null,Null,Null,0,0,1,0,1,0,0,Null,Null,0);
insert into [MetaData].[Field] ([FieldId],[FieldTypeId],[FieldNameIn],[FieldNameSql],[FieldNameStorage],[Description],[ElementSql],[RangeMin],[RangeMax],[SpecialRule],[isRequired],[isDeviceData],[isMultiple],[isAppend],[isDynamic],[isDeleted],[Expression],[ApplicationId],[IsEnriched]) values (31,0,'PID','DeviceInfoJSON',Null,'Platform Id',Null,Null,Null,0,0,1,0,1,0,0,Null,Null,0);
insert into [MetaData].[Field] ([FieldId],[FieldTypeId],[FieldNameIn],[FieldNameSql],[FieldNameStorage],[Description],[ElementSql],[RangeMin],[RangeMax],[SpecialRule],[isRequired],[isDeviceData],[isMultiple],[isAppend],[isDynamic],[isDeleted],[Expression],[ApplicationId],[IsEnriched]) values (32,0,'PN','DeviceInfoJSON',Null,'Platform Name',Null,Null,Null,0,0,1,0,1,0,0,Null,Null,0);
insert into [MetaData].[Field] ([FieldId],[FieldTypeId],[FieldNameIn],[FieldNameSql],[FieldNameStorage],[Description],[ElementSql],[RangeMin],[RangeMax],[SpecialRule],[isRequired],[isDeviceData],[isMultiple],[isAppend],[isDynamic],[isDeleted],[Expression],[ApplicationId],[IsEnriched]) values (33,0,'ST','ServiceTag',Null,'Service Tag',Null,Null,Null,0,1,1,0,0,0,0,Null,Null,0);
insert into [MetaData].[Field] ([FieldId],[FieldTypeId],[FieldNameIn],[FieldNameSql],[FieldNameStorage],[Description],[ElementSql],[RangeMin],[RangeMax],[SpecialRule],[isRequired],[isDeviceData],[isMultiple],[isAppend],[isDynamic],[isDeleted],[Expression],[ApplicationId],[IsEnriched]) values (34,0,'M','DeviceInfoJSON',Null,'System Memory (MB)',Null,Null,Null,0,0,1,0,1,0,0,Null,Null,0);
insert into [MetaData].[Field] ([FieldId],[FieldTypeId],[FieldNameIn],[FieldNameSql],[FieldNameStorage],[Description],[ElementSql],[RangeMin],[RangeMax],[SpecialRule],[isRequired],[isDeviceData],[isMultiple],[isAppend],[isDynamic],[isDeleted],[Expression],[ApplicationId],[IsEnriched]) values (35,0,'UploadedFilename','ApplicationFieldsListJSON',Null,'Uploaded Filename',Null,Null,Null,0,0,0,0,1,0,0,Null,Null,0);
insert into [MetaData].[Field] ([FieldId],[FieldTypeId],[FieldNameIn],[FieldNameSql],[FieldNameStorage],[Description],[ElementSql],[RangeMin],[RangeMax],[SpecialRule],[isRequired],[isDeviceData],[isMultiple],[isAppend],[isDynamic],[isDeleted],[Expression],[ApplicationId],[IsEnriched]) values (36,0,'Url','Url',Null,'URL',Null,Null,Null,0,0,0,0,0,0,0,Null,Null,0);
insert into [MetaData].[Field] ([FieldId],[FieldTypeId],[FieldNameIn],[FieldNameSql],[FieldNameStorage],[Description],[ElementSql],[RangeMin],[RangeMax],[SpecialRule],[isRequired],[isDeviceData],[isMultiple],[isAppend],[isDynamic],[isDeleted],[Expression],[ApplicationId],[IsEnriched]) values (37,2,'TS','EventCreatedTime',Null,'TimeStamp UTC',Null,Null,Null,3,1,0,0,0,0,0,Null,Null,0);
insert into [MetaData].[Field] ([FieldId],[FieldTypeId],[FieldNameIn],[FieldNameSql],[FieldNameStorage],[Description],[ElementSql],[RangeMin],[RangeMax],[SpecialRule],[isRequired],[isDeviceData],[isMultiple],[isAppend],[isDynamic],[isDeleted],[Expression],[ApplicationId],[IsEnriched]) values (38,1,'ApplicationId ','ApplicationFieldsListJSON',Null,'Enriched Application Id',Null,Null,Null,0,0,0,0,0,0,0,Null,0,1);
insert into [MetaData].[Field] ([FieldId],[FieldTypeId],[FieldNameIn],[FieldNameSql],[FieldNameStorage],[Description],[ElementSql],[RangeMin],[RangeMax],[SpecialRule],[isRequired],[isDeviceData],[isMultiple],[isAppend],[isDynamic],[isDeleted],[Expression],[ApplicationId],[IsEnriched]) values (39,1,'EventTypeId','ApplicationFieldsListJSON',Null,'Enriched Event Type Id',Null,Null,Null,0,0,0,0,0,0,0,Null,0,1);
SET IDENTITY_INSERT [MetaData].[Field] OFF

IF not EXISTS (SELECT  * from [API].[EventHubInfo])
BEGIN
SET IDENTITY_INSERT [API].[EventHubInfo] ON
--insert into [API].[EventHubInfo] ([EventHubInfoId],[Namespace],[EventHubName],[Partitions],[Publisher],[LeaseMinutes],[SendRuleName],[SendEventHubKey],[SendConnectionString],[ReceiveRuleName],[ReceiveEventHubKey],[ReceiveConnectionString]) values (1,'sb://platinum-ns.servicebus.windows.net','pla-event-hub-01',32,'1',15,'SendRule','OwkJQoVEcF2ioT1dkamNpcz2cyw3mwMGTAOMlQa1eYs=','Endpoint=sb://platinum-ns.servicebus.windows.net/;SharedAccessKeyName=SendRule;SharedAccessKey=OwkJQoVEcF2ioT1dkamNpcz2cyw3mwMGTAOMlQa1eYs=;EntityPath=pla-event-hub-01','ReceiveRule','dM8Bkd+LxnkJQcEs34j6vAVHShnaz+5ur70Ss7di4S8=','Endpoint=sb://platinum-ns.servicebus.windows.net/;SharedAccessKeyName=ReceiveRule;SharedAccessKey=/XtgQTgIUhS0TawtJ9fRRr9ZpcPE2EpKukMaAzcckso=;');
--insert into [API].[EventHubInfo] ([EventHubInfoId],[Namespace],[EventHubName],[Partitions],[Publisher],[LeaseMinutes],[SendRuleName],[SendEventHubKey],[SendConnectionString],[ReceiveRuleName],[ReceiveEventHubKey],[ReceiveConnectionString]) values (2,'sb://platinum-ns.servicebus.windows.net','pla-event-hub-02',32,'1',15,'SendRule','0mYE1edIt1SYzZ2+D/Z5sfBTVN94oMwiWkaxFDvPKVM=','Endpoint=sb://platinum-ns.servicebus.windows.net/;SharedAccessKeyName=SendRule;SharedAccessKey=saX/iatmVrSNul4bhPivOaRMBaF5g/7VnlO2ZrI4n1U=;EntityPath=pla-event-hub-02','ReceiveRule','mXXr8/i6U4THNeiM0qfgRbdeu5oTA5IN3Ix7dejmeMw=','Endpoint=sb://platinum-ns.servicebus.windows.net/;SharedAccessKeyName=ReceiveRule;SharedAccessKey=/1Xv45tdSTUTCpcSJTCaMzy1pKGGLyWciq3e9JGeXY4=;');
insert into [API].[EventHubInfo] ([EventHubInfoId],[Namespace],[EventHubName],[Partitions],[Publisher],[LeaseMinutes],[SendRuleName],[SendEventHubKey],[SendConnectionString],[ReceiveRuleName],[ReceiveEventHubKey],[ReceiveConnectionString]) values (1,'sb://infydeptest.servicebus.windows.net','msgingestion',23,'1',15,'RootManageSharedAccessKey','h3IQ//eQumsaVRJgCnTHRWqcnsMVplNv+ZTZyV+70lw=','Endpoint=sb://infydeptest.servicebus.windows.net/;SharedAccessKeyName=RootManageSharedAccessKey;SharedAccessKey=h3IQ//eQumsaVRJgCnTHRWqcnsMVplNv+ZTZyV+70lw=;EntityPath=msgingestion','RootManageSharedAccessKey','h3IQ//eQumsaVRJgCnTHRWqcnsMVplNv+ZTZyV+70lw=','Endpoint=sb://infydeptest.servicebus.windows.net/;SharedAccessKeyName=RootManageSharedAccessKey;SharedAccessKey=h3IQ//eQumsaVRJgCnTHRWqcnsMVplNv+ZTZyV+70lw=');
SET IDENTITY_INSERT [API].[EventHubInfo] OFF
END

IF not EXISTS (SELECT  * from [DAWS].[Application])
BEGIN
SET IDENTITY_INSERT [DAWS].[Application] ON
insert into [DAWS].[Application] ([ApplicationId],[ApplicationName],[Description],[ApiKey],[SecretKey],[MayUpdateDeviceDetails],[isEnabled]) values (1,'Dell Update','The Dell Update Windows Application','1B0F4CF7-7673-44BE-9F96-2AF55A55B5F3','874EB60B-22E3-4DC1-9FB9-6E430342BFC3',1,1);
insert into [DAWS].[Application] ([ApplicationId],[ApplicationName],[Description],[ApiKey],[SecretKey],[MayUpdateDeviceDetails],[isEnabled]) values (3,'Cirrus Client','The Dell Digital Delivery Windows Application','3A816346-BED4-426A-B435-EC545117E892','36CED5A6-A018-4349-B600-23616CEC184E',1,1);
insert into [DAWS].[Application] ([ApplicationId],[ApplicationName],[Description],[ApiKey],[SecretKey],[MayUpdateDeviceDetails],[isEnabled]) values (5,'Tests','Unit and Load Tests','4BA5CAE9-8086-4855-B183-ADBAADD1D299','C553A28C-95E3-48EF-A852-6CA53C02562C',1,0);
insert into [DAWS].[Application] ([ApplicationId],[ApplicationName],[Description],[ApiKey],[SecretKey],[MayUpdateDeviceDetails],[isEnabled]) values (6,'DAWS Web API','The DAWS Web API Itself','D95F9E09-F688-46BF-ACBE-716355DAF99C','09127DAB-0F07-4FF1-B420-BF5101DBB102',1,1);
insert into [DAWS].[Application] ([ApplicationId],[ApplicationName],[Description],[ApiKey],[SecretKey],[MayUpdateDeviceDetails],[isEnabled]) values (7,'DAWS Web Portal','The DAWS Web Portal','8B74D7A5-64F8-423D-BE39-A07E67D5C4D0','1F9EEA22-F0CB-49CB-8D41-32E143AE9248',1,1);
insert into [DAWS].[Application] ([ApplicationId],[ApplicationName],[Description],[ApiKey],[SecretKey],[MayUpdateDeviceDetails],[isEnabled]) values (8,'MyLinux','MyLinux','357C531C-8892-458D-96B5-662E77F05518','2F20FDFD-328D-457F-BD33-CBB17C6D3780',1,1);
insert into [DAWS].[Application] ([ApplicationId],[ApplicationName],[Description],[ApiKey],[SecretKey],[MayUpdateDeviceDetails],[isEnabled]) values (9,'Dell Foundation Services','Dell Foundation Services','7D8B69CC-23B7-44D2-89BE-238BD784EE75','93DEB3BE-1802-4CB2-95F9-817A20E27C0A',1,1);
insert into [DAWS].[Application] ([ApplicationId],[ApplicationName],[Description],[ApiKey],[SecretKey],[MayUpdateDeviceDetails],[isEnabled]) values (10,'Learning Center','Learning Center','7C7C126A-09C0-4541-B814-4DCC7AAEA9AE','4E58C867-6E25-4B99-8D13-69F8F716DE2A',0,1);
insert into [DAWS].[Application] ([ApplicationId],[ApplicationName],[Description],[ApiKey],[SecretKey],[MayUpdateDeviceDetails],[isEnabled]) values (11,'Dell Data Services','Dell Data Services','4213F664-865C-4776-9B8D-921624BCA440','66461D01-A8DC-483F-A18D-69D2BDF8CFDD',0,1);
insert into [DAWS].[Application] ([ApplicationId],[ApplicationName],[Description],[ApiKey],[SecretKey],[MayUpdateDeviceDetails],[isEnabled]) values (12,'Kickstart','Kickstart 2.0','704BEF77-8EED-4119-8B15-50DF82733276','236BE345-D52D-4B2D-9914-ECA5F6AF2F19',0,1);
SET IDENTITY_INSERT [DAWS].[Application] OFF
END

IF not EXISTS (SELECT  * from [Daws].[EventType])
BEGIN
SET IDENTITY_INSERT [Daws].[EventType] ON
insert into [Daws].[EventType] ([EventTypeId],[EventTypeName],[Description]) values (1,'DownloadStarted','The source started downloading a file');
insert into [Daws].[EventType] ([EventTypeId],[EventTypeName],[Description]) values (2,'DownloadCompleted','The source finished downloading a file');
insert into [Daws].[EventType] ([EventTypeId],[EventTypeName],[Description]) values (3,'DownloadFailed','The source failed to download a file');
insert into [Daws].[EventType] ([EventTypeId],[EventTypeName],[Description]) values (4,'InstallationStarted','The source started installing a file');
insert into [Daws].[EventType] ([EventTypeId],[EventTypeName],[Description]) values (5,'InstallationCompleted','The source finished installing a file');
insert into [Daws].[EventType] ([EventTypeId],[EventTypeName],[Description]) values (6,'InstallationFailed','The source finished installing a file');
insert into [Daws].[EventType] ([EventTypeId],[EventTypeName],[Description]) values (7,'ApplicationHeartbeat','The source is running');
insert into [Daws].[EventType] ([EventTypeId],[EventTypeName],[Description]) values (8,'ApplicationStarted','The source application has started');
insert into [Daws].[EventType] ([EventTypeId],[EventTypeName],[Description]) values (9,'ApplicationExited','The source application has exited');
insert into [Daws].[EventType] ([EventTypeId],[EventTypeName],[Description]) values (10,'ApplicationCrashed','The source application crashed');
insert into [Daws].[EventType] ([EventTypeId],[EventTypeName],[Description]) values (11,'SystemShutdown','The system is shutting down');
insert into [Daws].[EventType] ([EventTypeId],[EventTypeName],[Description]) values (12,'SystemReboot','The system is rebooting');
insert into [Daws].[EventType] ([EventTypeId],[EventTypeName],[Description]) values (13,'SystemSleep','The system is going to sleep');
insert into [Daws].[EventType] ([EventTypeId],[EventTypeName],[Description]) values (14,'SystemHibernate','The system is hibernating');
insert into [Daws].[EventType] ([EventTypeId],[EventTypeName],[Description]) values (15,'SystemResume','The system is resuming');
insert into [Daws].[EventType] ([EventTypeId],[EventTypeName],[Description]) values (16,'BandwidthTested','The application tested the machine''s bandwidth');
insert into [Daws].[EventType] ([EventTypeId],[EventTypeName],[Description]) values (17,'DeviceInfoChanged','Certain device information has been updated');
insert into [Daws].[EventType] ([EventTypeId],[EventTypeName],[Description]) values (18,'ClientReset','The client has been reset');
insert into [Daws].[EventType] ([EventTypeId],[EventTypeName],[Description]) values (19,'ButtonClicked','Some button was clicked');
insert into [Daws].[EventType] ([EventTypeId],[EventTypeName],[Description]) values (20,'NavigationAction','User navigated to');
insert into [Daws].[EventType] ([EventTypeId],[EventTypeName],[Description]) values (21,'ClickAction','User clicked on');
insert into [Daws].[EventType] ([EventTypeId],[EventTypeName],[Description]) values (22,'LoginAction','User login');
insert into [Daws].[EventType] ([EventTypeId],[EventTypeName],[Description]) values (23,'NotificationAction','User notification');
insert into [Daws].[EventType] ([EventTypeId],[EventTypeName],[Description]) values (24,'CustomEvent','Custom event');
insert into [Daws].[EventType] ([EventTypeId],[EventTypeName],[Description]) values (25,'OneTimePing','The device conducted a one-time-only Ping');
insert into [Daws].[EventType] ([EventTypeId],[EventTypeName],[Description]) values (26,'MenuItemClicked','Some menu item was clicked');
insert into [Daws].[EventType] ([EventTypeId],[EventTypeName],[Description]) values (27,'YellowBangFound','A yellow bang was found in the device manager.');
insert into [Daws].[EventType] ([EventTypeId],[EventTypeName],[Description]) values (28,'YellowBangResolved','A yellow bang that was previously found in the device manager is no longer present.');
insert into [Daws].[EventType] ([EventTypeId],[EventTypeName],[Description]) values (29,'BiosInstallationStarted','The source started installing a BIOS Update');
insert into [Daws].[EventType] ([EventTypeId],[EventTypeName],[Description]) values (30,'BiosInstallationCompleted','The source finished installing a BIOS Update');
insert into [Daws].[EventType] ([EventTypeId],[EventTypeName],[Description]) values (31,'BiosInstallationFailed','The source finished installing a BIOS Update');
insert into [Daws].[EventType] ([EventTypeId],[EventTypeName],[Description]) values (32,'PlatformCatalogNameChanged','The source changed the platform catalog name that it uses.');
insert into [Daws].[EventType] ([EventTypeId],[EventTypeName],[Description]) values (33,'InstallationSkipped','The source skipped installation of a file');
SET IDENTITY_INSERT [Daws].[EventType] OFF
END

GO
