﻿/*
Deployment script for Dell.Pla.Sql

This code was generated by a tool.
Changes to this file may cause incorrect behavior and will be lost if
the code is regenerated.
*/

GO
SET ANSI_NULLS, ANSI_PADDING, ANSI_WARNINGS, ARITHABORT, CONCAT_NULL_YIELDS_NULL, QUOTED_IDENTIFIER ON;

SET NUMERIC_ROUNDABORT OFF;


GO
:setvar DatabaseName "Dell.Pla.Sql"
:setvar DefaultFilePrefix "Dell.Pla.Sql"
:setvar DefaultDataPath ""
:setvar DefaultLogPath ""

GO
:on error exit
GO
/*
Detect SQLCMD mode and disable script execution if SQLCMD mode is not supported.
To re-enable the script after enabling SQLCMD mode, execute the following:
SET NOEXEC OFF; 
*/
:setvar __IsSqlCmdEnabled "True"
GO
IF N'$(__IsSqlCmdEnabled)' NOT LIKE N'True'
    BEGIN
        PRINT N'SQLCMD mode must be enabled to successfully execute this script.';
        SET NOEXEC ON;
    END


GO
IF EXISTS (SELECT 1
           FROM   [sys].[databases]
           WHERE  [name] = N'$(DatabaseName)')
    BEGIN
        ALTER DATABASE [$(DatabaseName)]
            SET ANSI_NULLS ON,
                ANSI_PADDING ON,
                ANSI_WARNINGS ON,
                ARITHABORT ON,
                CONCAT_NULL_YIELDS_NULL ON,
                QUOTED_IDENTIFIER ON,
                ANSI_NULL_DEFAULT ON 
            WITH ROLLBACK IMMEDIATE;
    END


GO
IF EXISTS (SELECT 1
           FROM   [sys].[databases]
           WHERE  [name] = N'$(DatabaseName)')
    BEGIN
        ALTER DATABASE [$(DatabaseName)]
            SET ALLOW_SNAPSHOT_ISOLATION OFF;
    END


GO
PRINT N'Creating [API]...';


GO
CREATE SCHEMA [API]
    AUTHORIZATION [dbo];


GO
PRINT N'Creating [BI]...';


GO
CREATE SCHEMA [BI]
    AUTHORIZATION [dbo];


GO
PRINT N'Creating [Dashboard]...';


GO
CREATE SCHEMA [Dashboard]
    AUTHORIZATION [dbo];


GO
PRINT N'Creating [DAWS]...';


GO
CREATE SCHEMA [DAWS]
    AUTHORIZATION [dbo];


GO
PRINT N'Creating [MetaData]...';


GO
CREATE SCHEMA [MetaData]
    AUTHORIZATION [dbo];


GO
PRINT N'Creating [PowerBI]...';


GO
CREATE SCHEMA [PowerBI]
    AUTHORIZATION [dbo];


GO
PRINT N'Creating [Util]...';


GO
CREATE SCHEMA [Util]
    AUTHORIZATION [dbo];


GO
PRINT N'Creating [eventDateRangePF]...';


GO
CREATE PARTITION FUNCTION [eventDateRangePF](DATE)
    AS RANGE RIGHT
    FOR VALUES ('11/25/2015 00:00:00', '11/26/2015 00:00:00', '11/27/2015 00:00:00', '11/28/2015 00:00:00', '11/29/2015 00:00:00', '11/30/2015 00:00:00', '12/01/2015 00:00:00', '12/02/2015 00:00:00', '12/03/2015 00:00:00', '12/04/2015 00:00:00', '12/05/2015 00:00:00', '12/06/2015 00:00:00', '12/07/2015 00:00:00', '12/08/2015 00:00:00', '12/09/2015 00:00:00', '12/10/2015 00:00:00', '12/11/2015 00:00:00', '12/12/2015 00:00:00', '12/13/2015 00:00:00', '12/14/2015 00:00:00', '12/15/2015 00:00:00', '12/16/2015 00:00:00', '12/17/2015 00:00:00', '12/18/2015 00:00:00', '12/19/2015 00:00:00', '12/20/2015 00:00:00', '12/21/2015 00:00:00', '12/22/2015 00:00:00', '12/23/2015 00:00:00', '12/24/2015 00:00:00', '12/25/2015 00:00:00');


GO
PRINT N'Creating [eventDateTimeRangePF]...';


GO
CREATE PARTITION FUNCTION [eventDateTimeRangePF](DATETIME2 (4))
    AS RANGE RIGHT
    FOR VALUES ('11/25/2015 00:00:00', '11/26/2015 00:00:00', '11/27/2015 00:00:00', '11/28/2015 00:00:00', '11/29/2015 00:00:00', '11/30/2015 00:00:00', '12/01/2015 00:00:00', '12/02/2015 00:00:00', '12/03/2015 00:00:00', '12/04/2015 00:00:00', '12/05/2015 00:00:00', '12/06/2015 00:00:00', '12/07/2015 00:00:00', '12/08/2015 00:00:00', '12/09/2015 00:00:00', '12/10/2015 00:00:00', '12/11/2015 00:00:00', '12/12/2015 00:00:00', '12/13/2015 00:00:00', '12/14/2015 00:00:00', '12/15/2015 00:00:00', '12/16/2015 00:00:00', '12/17/2015 00:00:00', '12/18/2015 00:00:00', '12/19/2015 00:00:00', '12/20/2015 00:00:00', '12/21/2015 00:00:00', '12/22/2015 00:00:00', '12/23/2015 00:00:00', '12/24/2015 00:00:00', '12/25/2015 00:00:00');


GO
PRINT N'Creating [eventMonthRangePF]...';


GO
CREATE PARTITION FUNCTION [eventMonthRangePF](DATETIME)
    AS RANGE RIGHT
    FOR VALUES ('11/01/2015 00:00:00', '12/01/2015 00:00:00', '01/01/2016 00:00:00', '01/02/2016 00:00:00', '01/03/2016 00:00:00', '01/04/2016 00:00:00', '01/05/2016 00:00:00', '01/06/2016 00:00:00', '01/07/2016 00:00:00');


GO
PRINT N'Creating [eventDateRangePS]...';


GO
CREATE PARTITION SCHEME [eventDateRangePS]
    AS PARTITION [eventDateRangePF]
    TO ([PRIMARY], [PRIMARY], [PRIMARY], [PRIMARY], [PRIMARY], [PRIMARY], [PRIMARY], [PRIMARY], [PRIMARY], [PRIMARY], [PRIMARY], [PRIMARY], [PRIMARY], [PRIMARY], [PRIMARY], [PRIMARY], [PRIMARY], [PRIMARY], [PRIMARY], [PRIMARY], [PRIMARY], [PRIMARY], [PRIMARY], [PRIMARY], [PRIMARY], [PRIMARY], [PRIMARY], [PRIMARY], [PRIMARY], [PRIMARY], [PRIMARY], [PRIMARY], [PRIMARY]);


GO
PRINT N'Creating [eventDatetimeRangePS]...';


GO
CREATE PARTITION SCHEME [eventDatetimeRangePS]
    AS PARTITION [eventDateTimeRangePF]
    TO ([PRIMARY], [PRIMARY], [PRIMARY], [PRIMARY], [PRIMARY], [PRIMARY], [PRIMARY], [PRIMARY], [PRIMARY], [PRIMARY], [PRIMARY], [PRIMARY], [PRIMARY], [PRIMARY], [PRIMARY], [PRIMARY], [PRIMARY], [PRIMARY], [PRIMARY], [PRIMARY], [PRIMARY], [PRIMARY], [PRIMARY], [PRIMARY], [PRIMARY], [PRIMARY], [PRIMARY], [PRIMARY], [PRIMARY], [PRIMARY], [PRIMARY], [PRIMARY], [PRIMARY]);


GO
PRINT N'Creating [eventMonthRangePS]...';


GO
CREATE PARTITION SCHEME [eventMonthRangePS]
    AS PARTITION [eventMonthRangePF]
    TO ([PRIMARY], [PRIMARY], [PRIMARY], [PRIMARY], [PRIMARY], [PRIMARY], [PRIMARY], [PRIMARY], [PRIMARY], [PRIMARY]);


GO
PRINT N'Creating [API].[EventHubLog]...';


GO
CREATE TABLE [API].[EventHubLog] (
    [EventHubLogId]  BIGINT         IDENTITY (1, 1) NOT NULL,
    [EventHubInfoId] INT            NOT NULL,
    [When]           DATETIME       NOT NULL,
    [EventType]      NVARCHAR (255) NOT NULL,
    [Note]           NVARCHAR (MAX) NULL,
    CONSTRAINT [PK_API_EventHubLog] PRIMARY KEY CLUSTERED ([EventHubLogId] ASC)
);


GO
PRINT N'Creating [API].[EventHubInfo]...';


GO
CREATE TABLE [API].[EventHubInfo] (
    [EventHubInfoId]          INT             IDENTITY (1, 1) NOT NULL,
    [Namespace]               NVARCHAR (2048) NOT NULL,
    [EventHubName]            NVARCHAR (2048) NOT NULL,
    [Partitions]              INT             NOT NULL,
    [Publisher]               NVARCHAR (255)  NOT NULL,
    [LeaseMinutes]            INT             NOT NULL,
    [SendRuleName]            NVARCHAR (2048) NOT NULL,
    [SendEventHubKey]         NVARCHAR (2048) NOT NULL,
    [SendConnectionString]    NVARCHAR (MAX)  NULL,
    [ReceiveRuleName]         NVARCHAR (2048) NOT NULL,
    [ReceiveEventHubKey]      NVARCHAR (2048) NOT NULL,
    [ReceiveConnectionString] NVARCHAR (MAX)  NULL,
    [HostGroup]               INT             NULL,
    [ManageConnectionString]  NVARCHAR (2048) NULL,
    CONSTRAINT [PK_API_EventHubInfo] PRIMARY KEY CLUSTERED ([EventHubInfoId] ASC)
);


GO
PRINT N'Creating [BI].[MapLanguageCultureCodeToName]...';


GO
CREATE TABLE [BI].[MapLanguageCultureCodeToName] (
    [LanguageCultureCode] NVARCHAR (20)  NOT NULL,
    [Name]                NVARCHAR (255) NOT NULL,
    CONSTRAINT [PK_MapLanguageCultureCodeToName_LanguageCultureCode] PRIMARY KEY CLUSTERED ([LanguageCultureCode] ASC)
);


GO
PRINT N'Creating [BI].[MapCountryCodeToName]...';


GO
CREATE TABLE [BI].[MapCountryCodeToName] (
    [Code]       VARCHAR (4)   NOT NULL,
    [IsoCode2]   VARCHAR (2)   NOT NULL,
    [IsoCode3]   VARCHAR (3)   NULL,
    [IsoCountry] NVARCHAR (50) NULL,
    [Country]    NVARCHAR (50) NOT NULL,
    [Lat]        FLOAT (53)    NOT NULL,
    [Lon]        FLOAT (53)    NOT NULL,
    CONSTRAINT [PK_MapCountryCodeToName_Code] PRIMARY KEY CLUSTERED ([Code] ASC)
);


GO
PRINT N'Creating [BI].[Cpu]...';


GO
CREATE TABLE [BI].[Cpu] (
    [CpuId]    INT            IDENTITY (1, 1) NOT NULL,
    [CpuName]  NVARCHAR (255) NOT NULL,
    [CpuClass] NVARCHAR (255) NULL,
    [CpuMaker] NVARCHAR (255) NULL,
    PRIMARY KEY CLUSTERED ([CpuId] ASC)
);


GO
PRINT N'Creating [BI].[Browser]...';


GO
CREATE TABLE [BI].[Browser] (
    [BrowserId]      INT           IDENTITY (1, 1) NOT NULL,
    [BrowserName]    NVARCHAR (80) NOT NULL,
    [BrowserVersion] NVARCHAR (80) NOT NULL,
    [BN]             NVARCHAR (80) NOT NULL,
    [BV]             NVARCHAR (80) NOT NULL,
    PRIMARY KEY CLUSTERED ([BN] ASC, [BV] ASC)
);


GO
PRINT N'Creating [BI].[BiosRevOther]...';


GO
CREATE TABLE [BI].[BiosRevOther] (
    [BiosRev] VARCHAR (512) NOT NULL,
    PRIMARY KEY CLUSTERED ([BiosRev] ASC)
);


GO
PRINT N'Creating [BI].[AppVersionOther]...';


GO
CREATE TABLE [BI].[AppVersionOther] (
    [ApplicationId] INT           NOT NULL,
    [AppVersion]    VARCHAR (255) NULL
);


GO
PRINT N'Creating [BI].[DimTime]...';


GO
CREATE TABLE [BI].[DimTime] (
    [ID]           INT       IDENTITY (1, 1) NOT NULL,
    [Time]         CHAR (8)  NOT NULL,
    [Hour]         CHAR (2)  NOT NULL,
    [MilitaryHour] CHAR (2)  NOT NULL,
    [Minute]       CHAR (2)  NOT NULL,
    [Second]       CHAR (2)  NOT NULL,
    [AmPm]         CHAR (2)  NOT NULL,
    [StandardTime] CHAR (11) NULL,
    CONSTRAINT [PK_dimTime] PRIMARY KEY CLUSTERED ([ID] ASC)
);


GO
PRINT N'Creating [BI].[DimDate]...';


GO
CREATE TABLE [BI].[DimDate] (
    [ID]           INT          NOT NULL,
    [Date]         DATETIME     NOT NULL,
    [Day]          CHAR (2)     NOT NULL,
    [DaySuffix]    VARCHAR (4)  NOT NULL,
    [DayOfWeek]    VARCHAR (9)  NOT NULL,
    [DOWInMonth]   TINYINT      NOT NULL,
    [DayOfYear]    INT          NOT NULL,
    [WeekOfYear]   TINYINT      NOT NULL,
    [WeekOfMonth]  TINYINT      NOT NULL,
    [Month]        CHAR (2)     NOT NULL,
    [MonthName]    VARCHAR (9)  NOT NULL,
    [Quarter]      TINYINT      NOT NULL,
    [QuarterName]  VARCHAR (6)  NOT NULL,
    [Year]         CHAR (4)     NOT NULL,
    [StandardDate] VARCHAR (10) NULL,
    [HolidayText]  VARCHAR (50) NULL,
    CONSTRAINT [PK_dimDate] PRIMARY KEY CLUSTERED ([ID] ASC)
);


GO
PRINT N'Creating [BI].[dimOperatingSystem]...';


GO
CREATE TABLE [BI].[dimOperatingSystem] (
    [OperatingSystemId] INT            IDENTITY (1, 1) NOT NULL,
    [OsType]            INT            NOT NULL,
    [OSVER]             NVARCHAR (512) NOT NULL,
    [osother]           NVARCHAR (255) NOT NULL,
    [OSName]            NVARCHAR (255) NULL,
    [WindowName]        NVARCHAR (255) NULL,
    [OtherName]         NVARCHAR (255) NULL,
    PRIMARY KEY CLUSTERED ([OsType] ASC, [OSVER] ASC, [osother] ASC)
);


GO
PRINT N'Creating [BI].[factEvent]...';


GO
CREATE TABLE [BI].[factEvent] (
    [ServiceTag]                   CHAR (7)        NOT NULL,
    [DeviceVersion]                INT             NOT NULL,
    [EventTypeId]                  INT             NOT NULL,
    [ApplicationId]                INT             NOT NULL,
    [EventDateTime]                DATETIME        NOT NULL,
    [EventDateTime2]               VARCHAR (20)    NOT NULL,
    [EventCreatedTime]             DATETIME        NOT NULL,
    [EventCreatedTime2]            VARCHAR (20)    NOT NULL,
    [AppVersion]                   VARCHAR (255)   NULL,
    [Url]                          NVARCHAR (512)  NULL,
    [Filename]                     NVARCHAR (255)  NULL,
    [FileVersion]                  NVARCHAR (255)  NULL,
    [FileSize]                     BIGINT          NULL,
    [ExitCode]                     INT             NULL,
    [ItemName]                     NVARCHAR (255)  NULL,
    [UploadedFilename]             NVARCHAR (255)  NULL,
    [AdditionalData1]              NVARCHAR (4000) NULL,
    [AdditionalData2]              NVARCHAR (4000) NULL,
    [DynamicApplicationFieldsJSON] NVARCHAR (4000) NULL,
    [EULA]                         BIT             NULL,
    [OobeCompleteDate]             DATE            NULL,
    [LanguageCultureName]          NCHAR (5)       NULL,
    [BiosRev]                      NVARCHAR (20)   NULL,
    [GeoId]                        INT             NULL,
    [PlatformId]                   INT             NULL,
    [DefaultBrowserId]             INT             NULL,
    [CpuId]                        INT             NULL,
    [OperatingSystemId]            INT             NULL,
    [SystemRamMb]                  INT             NULL,
    [HardDriveGbFree]              INT             NULL,
    [IsTestDevice]                 BIT             NOT NULL,
    [DotNetVersionList]            NVARCHAR (512)  NULL,
    [DynamicDeviceFieldsJSON]      NVARCHAR (4000) NULL
) ON [eventMonthRangePS] ([EventCreatedTime]);


GO
PRINT N'Creating [BI].[factEvent].[cci_EventId]...';


GO
CREATE CLUSTERED INDEX [cci_EventId]
    ON [BI].[factEvent]([ServiceTag])
    ON [eventMonthRangePS] ([EventCreatedTime]);

CREATE CLUSTERED COLUMNSTORE INDEX [cci_EventId]
    ON [BI].[factEvent] WITH (DROP_EXISTING = ON)
    ON [eventMonthRangePS] ([EventCreatedTime]);


GO
PRINT N'Creating [BI].[factHeartbeat]...';


GO
CREATE TABLE [BI].[factHeartbeat] (
    [EventCreatedTime]    DATETIME      NOT NULL,
    [ServiceTag]          CHAR (7)      NOT NULL,
    [ApplicationId]       INT           NOT NULL,
    [AppVersion]          VARCHAR (255) NULL,
    [LanguageCultureName] NCHAR (5)     NULL,
    [BiosRev]             NVARCHAR (20) NULL,
    [PlatformId]          INT           NULL,
    [DefaultBrowserId]    INT           NULL,
    [CpuId]               INT           NULL,
    [OperatingSystemId]   INT           NULL
) ON [eventMonthRangePS] ([EventCreatedTime]);


GO
PRINT N'Creating [BI].[factHeartbeat].[cci_Heartbeat]...';


GO
CREATE CLUSTERED INDEX [cci_Heartbeat]
    ON [BI].[factHeartbeat]([EventCreatedTime])
    ON [eventMonthRangePS] ([EventCreatedTime]);

CREATE CLUSTERED COLUMNSTORE INDEX [cci_Heartbeat]
    ON [BI].[factHeartbeat] WITH (DROP_EXISTING = ON)
    ON [eventMonthRangePS] ([EventCreatedTime]);


GO
PRINT N'Creating [BI].[factIPAddress]...';


GO
CREATE TABLE [BI].[factIPAddress] (
    [ServiceTag]   CHAR (7)      NOT NULL,
    [IpAddress]    VARCHAR (15)  NOT NULL,
    [CountryCode2] CHAR (2)      NOT NULL,
    [CountryCode3] CHAR (3)      NOT NULL,
    [CountryName]  NVARCHAR (50) NOT NULL
);


GO
PRINT N'Creating [BI].[factIPAddress].[cci_factIPAddress]...';


GO
CREATE CLUSTERED INDEX [cci_factIPAddress]
    ON [BI].[factIPAddress]([ServiceTag]);

CREATE CLUSTERED COLUMNSTORE INDEX [cci_factIPAddress]
    ON [BI].[factIPAddress] WITH (DROP_EXISTING = ON);


GO
PRINT N'Creating [BI].[Platform]...';


GO
CREATE TABLE [BI].[Platform] (
    [PlatformId]    INT            IDENTITY (1, 1) NOT NULL,
    [PlatformName]  NVARCHAR (255) NOT NULL,
    [PlatformIdHex] CHAR (4)       NOT NULL,
    [CodeName]      NVARCHAR (255) NOT NULL,
    [MarketingName] NVARCHAR (255) NOT NULL,
    PRIMARY KEY CLUSTERED ([PlatformId] ASC)
);


GO
PRINT N'Creating [BI].[MapWindowsVersionToName]...';


GO
CREATE TABLE [BI].[MapWindowsVersionToName] (
    [WindowsVersion] VARCHAR (20)   NOT NULL,
    [Name]           NVARCHAR (255) NOT NULL,
    PRIMARY KEY CLUSTERED ([WindowsVersion] ASC)
);


GO
PRINT N'Creating [BI].[MapWindowsSkuName]...';


GO
CREATE TABLE [BI].[MapWindowsSkuName] (
    [WindowsSku]     INT            NOT NULL,
    [WindowsSkuName] NVARCHAR (255) NOT NULL,
    PRIMARY KEY CLUSTERED ([WindowsSku] ASC)
);


GO
PRINT N'Creating [BI].[MapOsTypeToName]...';


GO
CREATE TABLE [BI].[MapOsTypeToName] (
    [OsType] INT            NOT NULL,
    [Name]   NVARCHAR (255) NOT NULL,
    PRIMARY KEY CLUSTERED ([OsType] ASC)
);


GO
PRINT N'Creating [BI].[tmp]...';


GO
CREATE TABLE [BI].[tmp] (
    [Ip]         BIGINT       NOT NULL,
    [ServiceTag] CHAR (7)     NOT NULL,
    [IpAddress]  VARCHAR (15) NOT NULL
);


GO
PRINT N'Creating [BI].[MapRangeIpToCountryCompact]...';


GO
CREATE TABLE [BI].[MapRangeIpToCountryCompact] (
    [IPFrom]       BIGINT        NOT NULL,
    [IPTo]         BIGINT        NOT NULL,
    [Country2]     VARCHAR (2)   NULL,
    [Country3]     VARCHAR (3)   NULL,
    [CountryName]  NVARCHAR (50) NULL,
    [prevIpTo]     BIGINT        NULL,
    [prevCountry2] VARCHAR (2)   NULL,
    [rnk]          BIGINT        NULL,
    [toDelete]     INT           NOT NULL,
    CONSTRAINT [PK_MapRangeIpToCountryCompact] PRIMARY KEY CLUSTERED ([IPFrom] ASC)
);


GO
PRINT N'Creating [BI].[dimDevice]...';


GO
CREATE TABLE [BI].[dimDevice] (
    [ServiceTag]         CHAR (7)      NOT NULL,
    [DeviceVersion]      INT           NOT NULL,
    [DeviceCreationDate] DATE          NOT NULL,
    [LastHeartbeatDate]  DATE          NULL,
    [LastUpdateDateTime] DATE          NOT NULL,
    [IsTestDevice]       BIT           NOT NULL,
    [CountryName]        NVARCHAR (50) NULL,
    [OtherCountryName]   NVARCHAR (50) NULL,
    [UserType]           VARCHAR (50)  NULL
);


GO
PRINT N'Creating [BI].[dimDevice].[cci_factIPAddress]...';


GO
CREATE CLUSTERED INDEX [cci_factIPAddress]
    ON [BI].[dimDevice]([ServiceTag]);

CREATE CLUSTERED COLUMNSTORE INDEX [cci_factIPAddress]
    ON [BI].[dimDevice] WITH (DROP_EXISTING = ON);


GO
PRINT N'Creating [BI].[MapRangeIpToCountry]...';


GO
CREATE TABLE [BI].[MapRangeIpToCountry] (
    [IPFrom]      BIGINT        NOT NULL,
    [IPTo]        BIGINT        NOT NULL,
    [Country2]    VARCHAR (2)   NULL,
    [Country3]    VARCHAR (3)   NULL,
    [CountryName] NVARCHAR (50) NOT NULL,
    PRIMARY KEY CLUSTERED ([IPFrom] ASC, [IPTo] ASC)
);


GO
PRINT N'Creating [BI].[factHeartbeatMonth]...';


GO
CREATE TABLE [BI].[factHeartbeatMonth] (
    [MonthKey]            DATETIME      NOT NULL,
    [ServiceTag]          CHAR (7)      NOT NULL,
    [ApplicationId]       INT           NOT NULL,
    [AppVersion]          VARCHAR (255) NULL,
    [LanguageCultureName] NCHAR (5)     NULL,
    [BiosRev]             NVARCHAR (20) NULL,
    [PlatformId]          INT           NULL,
    [DefaultBrowserId]    INT           NULL,
    [CpuId]               INT           NULL,
    [OperatingSystemId]   INT           NULL
) ON [eventMonthRangePS] ([MonthKey]);


GO
PRINT N'Creating [BI].[factHeartbeatMonth].[cci_HeartbeatMonth]...';


GO
CREATE CLUSTERED INDEX [cci_HeartbeatMonth]
    ON [BI].[factHeartbeatMonth]([MonthKey])
    ON [eventMonthRangePS] ([MonthKey]);

CREATE CLUSTERED COLUMNSTORE INDEX [cci_HeartbeatMonth]
    ON [BI].[factHeartbeatMonth] WITH (DROP_EXISTING = ON)
    ON [eventMonthRangePS] ([MonthKey]);


GO
PRINT N'Creating [Dashboard].[NotificationTestSQL]...';


GO
CREATE TABLE [Dashboard].[NotificationTestSQL] (
    [NotificationTestSQLId]  INT           IDENTITY (1, 1) NOT NULL,
    [WinEndTime]             DATETIME      NOT NULL,
    [SWB]                    VARCHAR (MAX) NOT NULL,
    [cntDownloadSuccess]     FLOAT (53)    NULL,
    [cntDownload]            FLOAT (53)    NULL,
    [cntInstallationSuccess] FLOAT (53)    NULL,
    [cntInstallation]        FLOAT (53)    NULL,
    PRIMARY KEY CLUSTERED ([NotificationTestSQLId] ASC)
);


GO
PRINT N'Creating [Dashboard].[DashboardTestSQL]...';


GO
CREATE TABLE [Dashboard].[DashboardTestSQL] (
    [WinEndTime]             DATETIME   NOT NULL,
    [ApplicationId]          BIGINT     NOT NULL,
    [AppMessages]            FLOAT (53) NULL,
    [CntAppCrashes]          FLOAT (53) NULL,
    [cntDownloadSuccess]     FLOAT (53) NULL,
    [cntDownload]            FLOAT (53) NULL,
    [cntInstallationSuccess] FLOAT (53) NULL,
    [cntInstallation]        FLOAT (53) NULL,
    PRIMARY KEY CLUSTERED ([ApplicationId] ASC, [WinEndTime] ASC)
);


GO
PRINT N'Creating [Dashboard].[DashboardTestSQLDrilldown]...';


GO
CREATE TABLE [Dashboard].[DashboardTestSQLDrilldown] (
    [DashboardTestSQLId]     INT            IDENTITY (1, 1) NOT NULL,
    [WinEndTime]             DATETIME       NOT NULL,
    [ApplicationId]          BIGINT         NOT NULL,
    [SWB]                    NVARCHAR (MAX) NULL,
    [CPU]                    NVARCHAR (MAX) NULL,
    [BN]                     NVARCHAR (MAX) NULL,
    [BV]                     NVARCHAR (MAX) NULL,
    [ItemName]               NVARCHAR (MAX) NULL,
    [AppMessages]            FLOAT (53)     NULL,
    [CntAppCrashes]          FLOAT (53)     NULL,
    [cntDownloadSuccess]     FLOAT (53)     NULL,
    [cntDownload]            FLOAT (53)     NULL,
    [cntInstallationSuccess] FLOAT (53)     NULL,
    [cntInstallation]        FLOAT (53)     NULL,
    PRIMARY KEY CLUSTERED ([DashboardTestSQLId] ASC)
);


GO
PRINT N'Creating [DAWS].[EventType]...';


GO
CREATE TABLE [DAWS].[EventType] (
    [EventTypeId]   INT           IDENTITY (1, 1) NOT NULL,
    [EventTypeName] VARCHAR (80)  NOT NULL,
    [Description]   VARCHAR (255) NULL,
    CONSTRAINT [PK_EventTypeId] PRIMARY KEY CLUSTERED ([EventTypeId] ASC),
    CONSTRAINT [EventTypeName] UNIQUE NONCLUSTERED ([EventTypeName] ASC)
);


GO
PRINT N'Creating [DAWS].[Event]...';


GO
CREATE TABLE [DAWS].[Event] (
    [MessageId]                  UNIQUEIDENTIFIER NOT NULL,
    [DeviceVersion]              INT              NOT NULL,
    [ServiceTag]                 CHAR (7)         NOT NULL,
    [EventTypeId]                INT              NOT NULL,
    [ApplicationId]              INT              NOT NULL,
    [EventDateTime]              DATETIME2 (4)    NOT NULL,
    [EventCreatedDate]           DATE             NOT NULL,
    [EventCreatedTime]           TIME (4)         NOT NULL,
    [AppVersion]                 VARCHAR (255)    NULL,
    [Url]                        VARCHAR (512)    NULL,
    [Filename]                   VARCHAR (255)    NULL,
    [DotNetVersionList]          VARCHAR (512)    NULL,
    [DeviceInfoJSON]             VARCHAR (MAX)    NULL,
    [DeviceRegistrationInfoJSON] VARCHAR (MAX)    NULL,
    [ApplicationFieldsListJSON]  VARCHAR (MAX)    NULL,
    [DynamicFieldsListJSON]      VARCHAR (MAX)    NULL,
    [IncludeDeviceInfo]          AS               (CASE WHEN DeviceRegistrationInfoJSON IS NOT NULL THEN 1 ELSE 0 END),
    CONSTRAINT [PK_EventServiceTab] PRIMARY KEY CLUSTERED ([EventCreatedDate] ASC, [ServiceTag] ASC, [MessageId] ASC) ON [eventDateRangePS] ([EventCreatedDate])
);


GO
PRINT N'Creating [DAWS].[Event].[idx_ServiceTag]...';


GO
CREATE NONCLUSTERED INDEX [idx_ServiceTag]
    ON [DAWS].[Event]([ServiceTag] ASC, [DeviceVersion] ASC)
    INCLUDE([IncludeDeviceInfo])
    ON [eventDateRangePS] ([EventCreatedDate]);


GO
PRINT N'Creating [DAWS].[Event].[idx_MessageId]...';


GO
CREATE NONCLUSTERED INDEX [idx_MessageId]
    ON [DAWS].[Event]([MessageId] ASC)
    ON [eventDateRangePS] ([EventCreatedDate]);


GO
PRINT N'Creating [DAWS].[Device]...';


GO
CREATE TABLE [DAWS].[Device] (
    [ServiceTag]                 CHAR (7)      NOT NULL,
    [LastUpdateApplicationId]    INT           NOT NULL,
    [LastUpdateDateTime]         DATETIME2 (4) NOT NULL,
    [DeviceCreatedDateTime]      DATETIME2 (4) NOT NULL,
    [IsTestDevice]               BIT           NOT NULL,
    [DotNetVersionList]          VARCHAR (512) NULL,
    [DeviceInfoJSON]             VARCHAR (MAX) NULL,
    [DeviceRegistrationInfoJSON] VARCHAR (MAX) NULL,
    [DeviceVersion]              INT           NOT NULL,
    [DynamicDeviceFieldsJSON]    VARCHAR (MAX) NULL,
    CONSTRAINT [PK_deviceServiceTag] PRIMARY KEY CLUSTERED ([ServiceTag] ASC)
);


GO
PRINT N'Creating [DAWS].[Device].[idx_VersionServiceTag]...';


GO
CREATE NONCLUSTERED INDEX [idx_VersionServiceTag]
    ON [DAWS].[Device]([DeviceVersion] ASC, [ServiceTag] ASC);


GO
PRINT N'Creating [DAWS].[Application]...';


GO
CREATE TABLE [DAWS].[Application] (
    [ApplicationId]          INT           IDENTITY (1, 1) NOT NULL,
    [ApplicationName]        VARCHAR (80)  NOT NULL,
    [Description]            VARCHAR (255) NULL,
    [ApiKey]                 CHAR (36)     NOT NULL,
    [SecretKey]              CHAR (36)     NOT NULL,
    [MayUpdateDeviceDetails] BIT           NOT NULL,
    [isEnabled]              BIT           NULL,
    [onboardingTime]         DATETIME      NULL,
    CONSTRAINT [PK_ApplicationId] PRIMARY KEY CLUSTERED ([ApplicationId] ASC),
    CONSTRAINT [ApplicationName] UNIQUE NONCLUSTERED ([ApplicationName] ASC)
);


GO
PRINT N'Creating [DAWS].[DeviceIngestion]...';


GO
CREATE TABLE [DAWS].[DeviceIngestion] (
    [ServiceTag]              CHAR (7)       NOT NULL,
    [DeviceVersion]           INT            NOT NULL,
    [LastUpdateApplicationId] INT            NOT NULL,
    [LastUpdateDateTime]      DATETIME2 (7)  NOT NULL,
    [DeviceCreatedDateTime]   DATETIME2 (7)  NOT NULL,
    [IsTestDevice]            BIT            NOT NULL,
    [PN]                      NVARCHAR (512) NULL,
    [PID]                     VARCHAR (4)    NULL,
    [EULA]                    BIT            NOT NULL,
    [LC]                      NCHAR (5)      NULL,
    [BN]                      NVARCHAR (80)  NULL,
    [BV]                      NVARCHAR (80)  NULL,
    [OsType]                  INT            NULL,
    [OSVER]                   NVARCHAR (512) NULL,
    [osother]                 NVARCHAR (255) NULL,
    [GbF]                     INT            NULL,
    [M]                       INT            NULL,
    [OCD]                     DATETIME2 (7)  NULL,
    [BR]                      NVARCHAR (20)  NULL,
    [CPU]                     NVARCHAR (255) NULL,
    [GeoId]                   INT            NULL,
    [DNV]                     NVARCHAR (512) NULL,
    [DynamicDeviceFieldsJSON] NVARCHAR (MAX) NULL,
    PRIMARY KEY CLUSTERED ([ServiceTag] ASC)
);


GO
PRINT N'Creating [DAWS].[DeviceHistory]...';


GO
CREATE TABLE [DAWS].[DeviceHistory] (
    [ServiceTag]                 CHAR (7)      NOT NULL,
    [DeviceVersion]              INT           NOT NULL,
    [DeviceRegistrationInfoJSON] VARCHAR (MAX) NULL,
    [DotNetVersionList]          VARCHAR (512) NULL,
    [DeviceInfoJSON]             VARCHAR (MAX) NULL,
    PRIMARY KEY CLUSTERED ([ServiceTag] ASC, [DeviceVersion] ASC)
);


GO
PRINT N'Creating [DAWS].[EventIngestion]...';


GO
CREATE TABLE [DAWS].[EventIngestion] (
    [MessageId]                    UNIQUEIDENTIFIER NOT NULL,
    [DeviceVersion]                INT              NOT NULL,
    [ST]                           CHAR (7)         NOT NULL,
    [EventTypeId]                  INT              NOT NULL,
    [ApplicationId]                INT              NOT NULL,
    [EventDateTime]                DATETIME2 (4)    NOT NULL,
    [TS]                           DATETIME2 (4)    NOT NULL,
    [AppVersion]                   VARCHAR (255)    NULL,
    [Url]                          NVARCHAR (512)   NULL,
    [Filename]                     NVARCHAR (255)   NULL,
    [FileVersion]                  NVARCHAR (255)   NULL,
    [FileSize]                     BIGINT           NULL,
    [ExitCode]                     INT              NULL,
    [ItemName]                     NVARCHAR (255)   NULL,
    [UploadedFilename]             NVARCHAR (255)   NULL,
    [AdditionalData1]              NVARCHAR (4000)  NULL,
    [AdditionalData2]              NVARCHAR (4000)  NULL,
    [EventTrackingCode]            NVARCHAR (40)    NULL,
    [IpAddress]                    NVARCHAR (15)    NULL,
    [DynamicApplicationFieldsJSON] NVARCHAR (MAX)   NULL,
    [IsTestDevice]                 BIT              NOT NULL,
    [PN]                           NVARCHAR (512)   NULL,
    [PID]                          VARCHAR (4)      NULL,
    [EULA]                         BIT              NOT NULL,
    [LC]                           NCHAR (5)        NULL,
    [BN]                           NVARCHAR (80)    NULL,
    [BV]                           NVARCHAR (80)    NULL,
    [OsType]                       INT              NULL,
    [OSVER]                        NVARCHAR (512)   NULL,
    [osother]                      NVARCHAR (255)   NULL,
    [GbF]                          INT              NULL,
    [M]                            INT              NULL,
    [OCD]                          DATETIME2 (7)    NULL,
    [BR]                           NVARCHAR (20)    NULL,
    [CPU]                          NVARCHAR (255)   NULL,
    [GeoId]                        INT              NULL,
    [DNV]                          NVARCHAR (512)   NULL,
    [DynamicDeviceFieldsJSON]      NVARCHAR (MAX)   NULL,
    CONSTRAINT [PK_Ingestion] PRIMARY KEY CLUSTERED ([TS] ASC, [ST] ASC, [MessageId] ASC) ON [eventDatetimeRangePS] ([TS])
);


GO
PRINT N'Creating [DAWS].[EventIngestion].[idx_MessageId_Ingestion]...';


GO
CREATE NONCLUSTERED INDEX [idx_MessageId_Ingestion]
    ON [DAWS].[EventIngestion]([MessageId] ASC)
    ON [eventDatetimeRangePS] ([TS]);


GO
PRINT N'Creating [DAWS].[EventOnly]...';


GO
CREATE TABLE [DAWS].[EventOnly] (
    [MessageId]                 UNIQUEIDENTIFIER NOT NULL,
    [ServiceTag]                CHAR (7)         NOT NULL,
    [DeviceVersion]             INT              NOT NULL,
    [EventTypeId]               INT              NOT NULL,
    [ApplicationId]             INT              NOT NULL,
    [EventDateTime]             DATETIME2 (4)    NOT NULL,
    [EventCreatedDate]          DATE             NOT NULL,
    [EventCreatedTime]          TIME (4)         NOT NULL,
    [AppVersion]                VARCHAR (255)    NULL,
    [Url]                       VARCHAR (512)    NULL,
    [Filename]                  VARCHAR (255)    NULL,
    [ApplicationFieldsListJSON] VARCHAR (MAX)    NULL,
    [DynamicFieldsListJSON]     VARCHAR (MAX)    NULL,
    CONSTRAINT [PK_EventOnlyServiceTab] PRIMARY KEY CLUSTERED ([EventCreatedDate] ASC, [ServiceTag] ASC, [MessageId] ASC) ON [eventDateRangePS] ([EventCreatedDate])
);


GO
PRINT N'Creating [DAWS].[EventOnly].[idx_FilterByApplication]...';


GO
CREATE NONCLUSTERED INDEX [idx_FilterByApplication]
    ON [DAWS].[EventOnly]([ApplicationId] ASC)
    INCLUDE([ServiceTag], [DeviceVersion])
    ON [eventDateRangePS] ([EventCreatedDate]);


GO
PRINT N'Creating [DAWS].[EventOnly].[idx_ServiceTagX]...';


GO
CREATE NONCLUSTERED INDEX [idx_ServiceTagX]
    ON [DAWS].[EventOnly]([ServiceTag] ASC, [DeviceVersion] ASC)
    ON [eventDateRangePS] ([EventCreatedDate]);


GO
PRINT N'Creating [DAWS].[EventTabId]...';


GO
CREATE TABLE [DAWS].[EventTabId] (
    [EventCreatedDate]           DATE           NOT NULL,
    [ServiceTag]                 CHAR (7)       NOT NULL,
    [DeviceVersion]              INT            NOT NULL,
    [EventTypeId]                INT            NOT NULL,
    [ApplicationId]              INT            NOT NULL,
    [EventDateTime]              DATETIME2 (4)  NOT NULL,
    [EventCreatedTime]           TIME (4)       NOT NULL,
    [AppVersion]                 VARCHAR (255)  NULL,
    [Url]                        VARCHAR (512)  NULL,
    [Filename]                   VARCHAR (255)  NULL,
    [PeaVal]                     BIT            NULL,
    [LanguageCultureName]        CHAR (5)       NULL,
    [BiosRev]                    VARCHAR (20)   NULL,
    [GeoId]                      INT            NULL,
    [PlatformId]                 INT            NULL,
    [DefaultBrowserId]           INT            NULL,
    [CpuId]                      INT            NULL,
    [OsTypeId]                   INT            NULL,
    [WindowsName]                VARCHAR (255)  NOT NULL,
    [IpAddress]                  VARCHAR (15)   NULL,
    [DotNetVersionList]          VARCHAR (512)  NULL,
    [DeviceInfoJSON]             VARCHAR (8000) NULL,
    [DeviceRegistrationInfoJSON] VARCHAR (8000) NULL,
    [ApplicationFieldsListJSON]  VARCHAR (8000) NULL,
    [DynamicFieldsListJSON]      VARCHAR (8000) NULL
);


GO
PRINT N'Creating [DAWS].[EventTabId].[cci_EventId]...';


GO
CREATE CLUSTERED INDEX [cci_EventId]
    ON [DAWS].[EventTabId]([EventCreatedDate])
    ON [eventDateRangePS] ([EventCreatedDate]);

CREATE CLUSTERED COLUMNSTORE INDEX [cci_EventId]
    ON [DAWS].[EventTabId] WITH (DROP_EXISTING = ON)
    ON [eventDateRangePS] ([EventCreatedDate]);


GO
PRINT N'Creating [DAWS].[DeviceTelemetry]...';


GO
CREATE TABLE [DAWS].[DeviceTelemetry] (
    [TelemetryId]   INT           IDENTITY (1, 1) NOT NULL,
    [ServiceTag]    CHAR (7)      NOT NULL,
    [ApplicationId] INT           NOT NULL,
    [TelemetryData] VARCHAR (MAX) NOT NULL,
    CONSTRAINT [PK_DeviceTelemetryId] PRIMARY KEY CLUSTERED ([TelemetryId] ASC)
);


GO
PRINT N'Creating [DAWS].[EventIngestionTestData]...';


GO
CREATE TABLE [DAWS].[EventIngestionTestData] (
    [MessageId]                    UNIQUEIDENTIFIER NOT NULL,
    [DeviceVersion]                INT              NOT NULL,
    [ST]                           CHAR (7)         NOT NULL,
    [EventTypeId]                  INT              NOT NULL,
    [ApplicationId]                INT              NOT NULL,
    [EventDateTime]                DATETIME2 (4)    NOT NULL,
    [TS]                           DATETIME2 (4)    NOT NULL,
    [AppVersion]                   VARCHAR (255)    NULL,
    [Url]                          NVARCHAR (512)   NULL,
    [Filename]                     NVARCHAR (255)   NULL,
    [FileVersion]                  NVARCHAR (255)   NULL,
    [FileSize]                     BIGINT           NULL,
    [ExitCode]                     INT              NULL,
    [ItemName]                     NVARCHAR (255)   NULL,
    [UploadedFilename]             NVARCHAR (255)   NULL,
    [AdditionalData1]              NVARCHAR (4000)  NULL,
    [AdditionalData2]              NVARCHAR (4000)  NULL,
    [EventTrackingCode]            NVARCHAR (40)    NULL,
    [IpAddress]                    VARCHAR (15)     NULL,
    [DynamicApplicationFieldsJSON] NVARCHAR (MAX)   NULL,
    [IsTestDevice]                 BIT              NOT NULL,
    [PN]                           NVARCHAR (512)   NULL,
    [PID]                          VARCHAR (4)      NULL,
    [EULA]                         BIT              NOT NULL,
    [LC]                           NCHAR (5)        NULL,
    [BN]                           NVARCHAR (80)    NULL,
    [BV]                           NVARCHAR (80)    NULL,
    [OsType]                       INT              NULL,
    [OSVER]                        NVARCHAR (512)   NULL,
    [osother]                      NVARCHAR (255)   NULL,
    [GbF]                          INT              NULL,
    [M]                            INT              NULL,
    [OCD]                          DATETIME2 (7)    NULL,
    [BR]                           NVARCHAR (20)    NULL,
    [CPU]                          NVARCHAR (255)   NULL,
    [GeoId]                        INT              NULL,
    [DNV]                          NVARCHAR (512)   NULL,
    [DynamicDeviceFieldsJSON]      NVARCHAR (MAX)   NULL,
    CONSTRAINT [PK_IngestionTestData] PRIMARY KEY CLUSTERED ([TS] ASC, [ST] ASC, [MessageId] ASC) ON [eventDatetimeRangePS] ([TS])
);


GO
PRINT N'Creating [DAWS].[EventIngestionTestData].[idx_MessageId_Ingestion]...';


GO
CREATE NONCLUSTERED INDEX [idx_MessageId_Ingestion]
    ON [DAWS].[EventIngestionTestData]([MessageId] ASC)
    ON [eventDatetimeRangePS] ([TS]);


GO
PRINT N'Creating [MetaData].[Field]...';


GO
CREATE TABLE [MetaData].[Field] (
    [FieldId]          INT            IDENTITY (1, 1) NOT NULL,
    [FieldTypeId]      INT            NOT NULL,
    [FieldNameIn]      NVARCHAR (64)  NOT NULL,
    [FieldNameSql]     NVARCHAR (64)  NULL,
    [FieldNameStorage] NVARCHAR (64)  NULL,
    [Description]      NVARCHAR (256) NULL,
    [ElementSql]       NVARCHAR (64)  NULL,
    [RangeMin]         NVARCHAR (256) NULL,
    [RangeMax]         NVARCHAR (256) NULL,
    [SpecialRule]      INT            NULL,
    [isRequired]       BIT            NULL,
    [isDeviceData]     BIT            NULL,
    [isMultiple]       BIT            NULL,
    [isAppend]         BIT            NULL,
    [isDynamic]        BIT            NULL,
    [isDeleted]        BIT            NULL,
    [Expression]       NVARCHAR (MAX) NULL,
    [ApplicationId]    INT            NULL,
    [IsEnriched]       BIT            NULL,
    CONSTRAINT [PK_Field] PRIMARY KEY CLUSTERED ([FieldId] ASC)
);


GO
PRINT N'Creating [MetaData].[FieldType]...';


GO
CREATE TABLE [MetaData].[FieldType] (
    [FieldTypeId] INT            NOT NULL,
    [Description] VARCHAR (2047) NOT NULL,
    CONSTRAINT [PK_MetaData_FieldType] PRIMARY KEY CLUSTERED ([FieldTypeId] ASC)
);


GO
PRINT N'Creating unnamed constraint on [API].[EventHubLog]...';


GO
ALTER TABLE [API].[EventHubLog]
    ADD DEFAULT (getutcdate()) FOR [When];


GO
PRINT N'Creating unnamed constraint on [API].[EventHubInfo]...';


GO
ALTER TABLE [API].[EventHubInfo]
    ADD DEFAULT ((32)) FOR [Partitions];


GO
PRINT N'Creating unnamed constraint on [API].[EventHubInfo]...';


GO
ALTER TABLE [API].[EventHubInfo]
    ADD DEFAULT ('1') FOR [Publisher];


GO
PRINT N'Creating unnamed constraint on [API].[EventHubInfo]...';


GO
ALTER TABLE [API].[EventHubInfo]
    ADD DEFAULT ((15)) FOR [LeaseMinutes];


GO
PRINT N'Creating unnamed constraint on [API].[EventHubInfo]...';


GO
ALTER TABLE [API].[EventHubInfo]
    ADD DEFAULT ((1)) FOR [HostGroup];


GO
PRINT N'Creating unnamed constraint on [DAWS].[Event]...';


GO
ALTER TABLE [DAWS].[Event]
    ADD DEFAULT (getdate()) FOR [EventDateTime];


GO
PRINT N'Creating unnamed constraint on [DAWS].[Event]...';


GO
ALTER TABLE [DAWS].[Event]
    ADD DEFAULT (getdate()) FOR [EventCreatedDate];


GO
PRINT N'Creating unnamed constraint on [DAWS].[Event]...';


GO
ALTER TABLE [DAWS].[Event]
    ADD DEFAULT (getdate()) FOR [EventCreatedTime];


GO
PRINT N'Creating unnamed constraint on [DAWS].[Device]...';


GO
ALTER TABLE [DAWS].[Device]
    ADD DEFAULT (getutcdate()) FOR [LastUpdateDateTime];


GO
PRINT N'Creating unnamed constraint on [DAWS].[Device]...';


GO
ALTER TABLE [DAWS].[Device]
    ADD DEFAULT (getutcdate()) FOR [DeviceCreatedDateTime];


GO
PRINT N'Creating unnamed constraint on [DAWS].[Application]...';


GO
ALTER TABLE [DAWS].[Application]
    ADD DEFAULT (newid()) FOR [ApiKey];


GO
PRINT N'Creating unnamed constraint on [DAWS].[Application]...';


GO
ALTER TABLE [DAWS].[Application]
    ADD DEFAULT (newid()) FOR [SecretKey];


GO
PRINT N'Creating unnamed constraint on [DAWS].[Application]...';


GO
ALTER TABLE [DAWS].[Application]
    ADD DEFAULT ((0)) FOR [MayUpdateDeviceDetails];


GO
PRINT N'Creating unnamed constraint on [DAWS].[Application]...';


GO
ALTER TABLE [DAWS].[Application]
    ADD DEFAULT ((0)) FOR [isEnabled];


GO
PRINT N'Creating unnamed constraint on [DAWS].[DeviceIngestion]...';


GO
ALTER TABLE [DAWS].[DeviceIngestion]
    ADD DEFAULT (1) FOR [DeviceVersion];


GO
PRINT N'Creating unnamed constraint on [DAWS].[DeviceIngestion]...';


GO
ALTER TABLE [DAWS].[DeviceIngestion]
    ADD DEFAULT (getUtcDate()) FOR [LastUpdateDateTime];


GO
PRINT N'Creating unnamed constraint on [DAWS].[DeviceIngestion]...';


GO
ALTER TABLE [DAWS].[DeviceIngestion]
    ADD DEFAULT (getUtcDate()) FOR [DeviceCreatedDateTime];


GO
PRINT N'Creating unnamed constraint on [DAWS].[DeviceIngestion]...';


GO
ALTER TABLE [DAWS].[DeviceIngestion]
    ADD DEFAULT (0) FOR [IsTestDevice];


GO
PRINT N'Creating unnamed constraint on [DAWS].[DeviceIngestion]...';


GO
ALTER TABLE [DAWS].[DeviceIngestion]
    ADD DEFAULT (0) FOR [EULA];


GO
PRINT N'Creating unnamed constraint on [DAWS].[EventIngestion]...';


GO
ALTER TABLE [DAWS].[EventIngestion]
    ADD DEFAULT (getdate()) FOR [EventDateTime];


GO
PRINT N'Creating unnamed constraint on [DAWS].[EventIngestion]...';


GO
ALTER TABLE [DAWS].[EventIngestion]
    ADD DEFAULT (getdate()) FOR [TS];


GO
PRINT N'Creating unnamed constraint on [DAWS].[EventIngestion]...';


GO
ALTER TABLE [DAWS].[EventIngestion]
    ADD DEFAULT (0) FOR [IsTestDevice];


GO
PRINT N'Creating unnamed constraint on [DAWS].[EventIngestion]...';


GO
ALTER TABLE [DAWS].[EventIngestion]
    ADD DEFAULT (0) FOR [EULA];


GO
PRINT N'Creating unnamed constraint on [DAWS].[EventIngestionTestData]...';


GO
ALTER TABLE [DAWS].[EventIngestionTestData]
    ADD DEFAULT (getdate()) FOR [EventDateTime];


GO
PRINT N'Creating unnamed constraint on [DAWS].[EventIngestionTestData]...';


GO
ALTER TABLE [DAWS].[EventIngestionTestData]
    ADD DEFAULT (getdate()) FOR [TS];


GO
PRINT N'Creating unnamed constraint on [DAWS].[EventIngestionTestData]...';


GO
ALTER TABLE [DAWS].[EventIngestionTestData]
    ADD DEFAULT ((0)) FOR [IsTestDevice];


GO
PRINT N'Creating unnamed constraint on [DAWS].[EventIngestionTestData]...';


GO
ALTER TABLE [DAWS].[EventIngestionTestData]
    ADD DEFAULT ((0)) FOR [EULA];


GO
PRINT N'Creating unnamed constraint on [MetaData].[Field]...';


GO
ALTER TABLE [MetaData].[Field]
    ADD DEFAULT ((0)) FOR [FieldTypeId];


GO
PRINT N'Creating unnamed constraint on [MetaData].[Field]...';


GO
ALTER TABLE [MetaData].[Field]
    ADD DEFAULT ((0)) FOR [SpecialRule];


GO
PRINT N'Creating unnamed constraint on [MetaData].[Field]...';


GO
ALTER TABLE [MetaData].[Field]
    ADD DEFAULT ((0)) FOR [isRequired];


GO
PRINT N'Creating unnamed constraint on [MetaData].[Field]...';


GO
ALTER TABLE [MetaData].[Field]
    ADD DEFAULT ((0)) FOR [isDeviceData];


GO
PRINT N'Creating unnamed constraint on [MetaData].[Field]...';


GO
ALTER TABLE [MetaData].[Field]
    ADD DEFAULT ((0)) FOR [isMultiple];


GO
PRINT N'Creating unnamed constraint on [MetaData].[Field]...';


GO
ALTER TABLE [MetaData].[Field]
    ADD DEFAULT ((0)) FOR [isAppend];


GO
PRINT N'Creating unnamed constraint on [MetaData].[Field]...';


GO
ALTER TABLE [MetaData].[Field]
    ADD DEFAULT ((0)) FOR [isDynamic];


GO
PRINT N'Creating unnamed constraint on [MetaData].[Field]...';


GO
ALTER TABLE [MetaData].[Field]
    ADD DEFAULT ((0)) FOR [isDeleted];


GO
PRINT N'Creating unnamed constraint on [MetaData].[Field]...';


GO
ALTER TABLE [MetaData].[Field]
    ADD DEFAULT ((0)) FOR [ApplicationId];


GO
PRINT N'Creating unnamed constraint on [MetaData].[Field]...';


GO
ALTER TABLE [MetaData].[Field]
    ADD DEFAULT ((0)) FOR [IsEnriched];


GO
PRINT N'Creating [DAWS].[EventApplication]...';


GO
ALTER TABLE [DAWS].[Event] WITH NOCHECK
    ADD CONSTRAINT [EventApplication] FOREIGN KEY ([ApplicationId]) REFERENCES [DAWS].[Application] ([ApplicationId]);


GO
PRINT N'Creating [DAWS].[EventEventType]...';


GO
ALTER TABLE [DAWS].[Event] WITH NOCHECK
    ADD CONSTRAINT [EventEventType] FOREIGN KEY ([EventTypeId]) REFERENCES [DAWS].[EventType] ([EventTypeId]);


GO
PRINT N'Creating [DAWS].[DeviceLastUpdateApplication]...';


GO
ALTER TABLE [DAWS].[Device] WITH NOCHECK
    ADD CONSTRAINT [DeviceLastUpdateApplication] FOREIGN KEY ([LastUpdateApplicationId]) REFERENCES [DAWS].[Application] ([ApplicationId]);


GO
PRINT N'Creating [DAWS].[EventOnlyApplication]...';


GO
ALTER TABLE [DAWS].[EventOnly] WITH NOCHECK
    ADD CONSTRAINT [EventOnlyApplication] FOREIGN KEY ([ApplicationId]) REFERENCES [DAWS].[Application] ([ApplicationId]);


GO
PRINT N'Creating [DAWS].[EventOnlyEventType]...';


GO
ALTER TABLE [DAWS].[EventOnly] WITH NOCHECK
    ADD CONSTRAINT [EventOnlyEventType] FOREIGN KEY ([EventTypeId]) REFERENCES [DAWS].[EventType] ([EventTypeId]);


GO
PRINT N'Creating [MetaData].[FK_Field_FieldType]...';


GO
ALTER TABLE [MetaData].[Field] WITH NOCHECK
    ADD CONSTRAINT [FK_Field_FieldType] FOREIGN KEY ([FieldTypeId]) REFERENCES [MetaData].[FieldType] ([FieldTypeId]);


GO
PRINT N'Creating [Util].[udf_Split]...';


GO
CREATE FUNCTION [Util].[udf_Split]
 (
   @delimited nvarchar(max),
   @delimiter nvarchar(100)
 ) RETURNS @t TABLE
 (
 -- Id column can be commented out, not required for sql splitting string
   ID int identity(1,1), -- I use this column for numbering splitted parts
   Val nvarchar(max)
 )
 AS
 BEGIN
   declare @xml xml
   set @xml = N'<root><r>' + replace(@delimited,@delimiter,'</r><r>') + '</r></root>'

   insert into @t(Val)
   select 
     ltrim(rtrim( r.value('.','varchar(max)') )) as item
   from @xml.nodes('//root/r') as records(r)

   RETURN
 END
GO
PRINT N'Creating [BI].[vwEventsBase]...';


GO
CREATE view [BI].[vwEventsBase]
as
 SELECT
       [ServiceTag]
      ,[EventTypeId]
      ,[ApplicationId]
      ,[EventDateTime]
      ,[EventCreatedDate]
      ,[EventCreatedTime]
	  ,[EventCreatedDateTime] = convert(datetime2, convert(varchar(20),[EventCreatedDate]) +' '+ convert(varchar(20),[EventCreatedTime]) )
      ,[AppVersion]
      ,[Url]
      ,[Filename]
      ,[DeviceInfoJSON]
      --PlatformName = JSON_VALUE( [DeviceInfoJSON], '$.PN' )
      --,IPAddress = JSON_VALUE( [DeviceInfoJSON], '$.IpAddress' )
      --,PeaVal = JSON_VALUE( [DeviceInfoJSON], '$.PeaVal' )
      --,LanguageCultureName = JSON_VALUE( [DeviceInfoJSON], '$.LC' )
      --,BiosRev = JSON_VALUE( [DeviceInfoJSON], '$.BR' )
      --,OsVersion = JSON_VALUE( [DeviceInfoJSON], '$.OSVER' )
      --,OsType = JSON_VALUE( [DeviceInfoJSON], '$.OsType' )
      --,BrowserName = JSON_VALUE( [DeviceInfoJSON], '$.BN' )
      --,BrowserVersion = JSON_VALUE( [DeviceInfoJSON], '$.BV' )
      --,GeoId = JSON_VALUE( [DeviceInfoJSON], '$.GeoId' )
      --,SystemRamMb = JSON_VALUE( [DeviceInfoJSON], '$.M' )
      ,[DeviceRegistrationInfoJSON]
      --,OobeCompleteDate = JSON_VALUE( [DeviceRegistrationInfoJSON], '$.OCD' )
      --,HardDriveGbFree  = JSON_VALUE( [DeviceRegistrationInfoJSON], '$.GbF' )
      --,Cpu = JSON_VALUE( [DeviceRegistrationInfoJSON], '$.CPU' )
      --,OsOtherId = JSON_VALUE( [DeviceRegistrationInfoJSON], '$.osother' )
      ,[DotNetVersionList]
      ,[ApplicationFieldsListJSON]
      --,FileVersion  = JSON_VALUE( [ApplicationFieldsListJSON], '$.FileVersion' )
      --,FileSize = JSON_VALUE( [ApplicationFieldsListJSON], '$.FileSize' )
      --,ExitCode = JSON_VALUE( [ApplicationFieldsListJSON], '$.ExitCode' )
      --,ItemName = JSON_VALUE( [ApplicationFieldsListJSON], '$.ItemName' )
      --,UploadedFileName = JSON_VALUE( [ApplicationFieldsListJSON], '$.UploadedFileName' )
      --,EventTrackingCode = JSON_VALUE( [ApplicationFieldsListJSON], '$.EventTrackingCode' )
      ,[DynamicFieldsListJSON]
      --,AdditionalData1 = JSON_VALUE( [DynamicFieldsListJSON], '$.Add1' )
      --,AdditionalData2 = JSON_VALUE( [DynamicFieldsListJSON], '$.Add2' )
  FROM [DAWS].[Event] with (nolock)
GO
PRINT N'Creating [BI].[vwEvents]...';


GO









CREATE view [BI].[vwEvents]
as
SELECT
       [ServiceTag]
      ,[EventTypeId]
      ,[ApplicationId]
      ,[EventDateTime]
      ,[EventCreatedDate]
      ,[EventCreatedTime]
	  ,[EventCreatedDateTime] = convert(datetime2, convert(varchar(20),[EventCreatedDate]) +' '+ convert(varchar(20),[EventCreatedTime]) )
      ,[AppVersion]
      ,[Url]
      ,[Filename]
      --,[DeviceInfoJSON]
      ,PlatformName = JSON_VALUE( [DeviceInfoJSON], '$.PN' )
      ,IPAddress = JSON_VALUE( [DeviceInfoJSON], '$.IpAddress' )
      ,PeaVal = JSON_VALUE( [DeviceInfoJSON], '$.PeaVal' )
      ,LanguageCultureName = JSON_VALUE( [DeviceInfoJSON], '$.LC' )
      ,BiosRev = JSON_VALUE( [DeviceInfoJSON], '$.BR' )
      ,OsVersion = JSON_VALUE( [DeviceInfoJSON], '$.OSVER' )
      ,OsType = JSON_VALUE( [DeviceInfoJSON], '$.OsType' )
      ,BrowserName = JSON_VALUE( [DeviceInfoJSON], '$.BN' )
      ,BrowserVersion = JSON_VALUE( [DeviceInfoJSON], '$.BV' )
      ,GeoId = JSON_VALUE( [DeviceInfoJSON], '$.GeoId' )
      ,SystemRamMb = JSON_VALUE( [DeviceInfoJSON], '$.M' )
      --,[DeviceRegistrationInfoJSON]
      ,OobeCompleteDate = JSON_VALUE( [DeviceRegistrationInfoJSON], '$.OCD' )
      ,HardDriveGbFree  = JSON_VALUE( [DeviceRegistrationInfoJSON], '$.GbF' )
      ,Cpu = JSON_VALUE( [DeviceRegistrationInfoJSON], '$.CPU' )
      ,OsOtherId = JSON_VALUE( [DeviceRegistrationInfoJSON], '$.osother' )
      ,[DotNetVersionList]
      --,[ApplicationFieldsListJSON]
      ,FileVersion  = JSON_VALUE( [ApplicationFieldsListJSON], '$.FileVersion' )
      ,FileSize = JSON_VALUE( [ApplicationFieldsListJSON], '$.FileSize' )
      ,ExitCode = JSON_VALUE( [ApplicationFieldsListJSON], '$.ExitCode' )
      ,ItemName = JSON_VALUE( [ApplicationFieldsListJSON], '$.ItemName' )
      ,UploadedFileName = JSON_VALUE( [ApplicationFieldsListJSON], '$.UploadedFileName' )
      ,EventTrackingCode = JSON_VALUE( [ApplicationFieldsListJSON], '$.EventTrackingCode' )
      --,[DynamicFieldsListJSON]
      ,AdditionalData1 = JSON_VALUE( [DynamicFieldsListJSON], '$.Add1' )
      ,AdditionalData2 = JSON_VALUE( [DynamicFieldsListJSON], '$.Add2' )
  FROM [DAWS].[Event] with (nolock)
GO
PRINT N'Creating [BI].[vwEventsBaseX]...';


GO




CREATE view [BI].[vwEventsBaseX]
as
select top 100 
       [ServiceTag]
      ,[EventTypeId]
      ,[ApplicationId]
      ,[EventDateTime]
      ,[EventCreatedDate]
	  ,daysFromToday = datediff( day, [EventCreatedDate], getdate() )
      ,[EventCreatedTime]
	  ,[EventCreatedDateTime] = convert(datetime2, convert(varchar(20),[EventCreatedDate]) +' '+ convert(varchar(20),[EventCreatedTime]) )
      ,[AppVersion]
      ,[Url]
      ,[Filename]
      ,[DeviceInfoJSON]
      ,[DeviceRegistrationInfoJSON]
      ,[DotNetVersionList]
      ,[ApplicationFieldsListJSON]
      ,[DynamicFieldsListJSON]
      ,PlatformName = JSON_VALUE( [DeviceInfoJSON], '$.PN' )
      ,BrowserName = JSON_VALUE( [DeviceInfoJSON], '$.BN' )
      ,Cpu = JSON_VALUE( [DeviceRegistrationInfoJSON], '$.CPU' )
	  ,PlatformPrefix = case when PNch > 0 then substring(PlatformName, 1, PNch) end
	  ,CPUPrefix = case when CPUch > 0 then substring(CPU, 1, CPUch) end
	  ,BrowserFiltered = case when BrowserName like '%Internet Explorer' then 'IE'
	        when BrowserName like '%Google%Chrome%' then 'Chrome'
			when BrowserName = 'spark' then 'spark'
			when BrowserName = 'Firefox' then 'Firefox'
			when BrowserName = 'Opera Internet Browser' then 'Opera'
			else 'Other' end
	  ,cntEvent = 1
  from (
	select *,
			PNch = PATINDEX( '% %', PlatformName),
			CPUch = case when PATINDEX( '% %', CPU) > 0 then
						PATINDEX( '% %', CPU) + PATINDEX( '% %', SUBSTRING(CPU, PATINDEX( '% %', CPU)+1, 512)) end
 from (
   select
       [ServiceTag]
      ,[EventTypeId]
      ,[ApplicationId]
      ,[EventDateTime]
      ,[EventCreatedDate]
      ,[EventCreatedTime]
	  ,[EventCreatedDateTime] = convert(datetime2, convert(varchar(20),[EventCreatedDate]) +' '+ convert(varchar(20),[EventCreatedTime]) )
      ,[AppVersion]
      ,[Url]
      ,[Filename]
      ,[DeviceInfoJSON]
      ,PlatformName = JSON_VALUE( [DeviceInfoJSON], '$.PN' )
      --,IPAddress = JSON_VALUE( [DeviceInfoJSON], '$.IpAddress' )
      --,PeaVal = JSON_VALUE( [DeviceInfoJSON], '$.PeaVal' )
      --,LanguageCultureName = JSON_VALUE( [DeviceInfoJSON], '$.LC' )
      --,BiosRev = JSON_VALUE( [DeviceInfoJSON], '$.BR' )
      --,OsVersion = JSON_VALUE( [DeviceInfoJSON], '$.OSVER' )
      --,OsType = JSON_VALUE( [DeviceInfoJSON], '$.OsType' )
      ,BrowserName = JSON_VALUE( [DeviceInfoJSON], '$.BN' )
      --,BrowserVersion = JSON_VALUE( [DeviceInfoJSON], '$.BV' )
      --,GeoId = JSON_VALUE( [DeviceInfoJSON], '$.GeoId' )
      --,SystemRamMb = JSON_VALUE( [DeviceInfoJSON], '$.M' )
      ,[DeviceRegistrationInfoJSON]
      --,OobeCompleteDate = JSON_VALUE( [DeviceRegistrationInfoJSON], '$.OCD' )
      --,HardDriveGbFree  = JSON_VALUE( [DeviceRegistrationInfoJSON], '$.GbF' )
      ,Cpu = JSON_VALUE( [DeviceRegistrationInfoJSON], '$.CPU' )
      --,OsOtherId = JSON_VALUE( [DeviceRegistrationInfoJSON], '$.osother' )
      ,[DotNetVersionList]
      ,[ApplicationFieldsListJSON]
      --,FileVersion  = JSON_VALUE( [ApplicationFieldsListJSON], '$.FileVersion' )
      --,FileSize = JSON_VALUE( [ApplicationFieldsListJSON], '$.FileSize' )
      --,ExitCode = JSON_VALUE( [ApplicationFieldsListJSON], '$.ExitCode' )
      --,ItemName = JSON_VALUE( [ApplicationFieldsListJSON], '$.ItemName' )
      --,UploadedFileName = JSON_VALUE( [ApplicationFieldsListJSON], '$.UploadedFileName' )
      --,EventTrackingCode = JSON_VALUE( [ApplicationFieldsListJSON], '$.EventTrackingCode' )
      ,[DynamicFieldsListJSON]
      --,AdditionalData1 = JSON_VALUE( [DynamicFieldsListJSON], '$.Add1' )
      --,AdditionalData2 = JSON_VALUE( [DynamicFieldsListJSON], '$.Add2' )
  FROM [DAWS].[Event] with (nolock)
  where [DeviceInfoJSON] is not null
	  ) l
	) l1
GO
PRINT N'Creating [BI].[vwReadEventIngestionBase]...';


GO
CREATE VIEW BI.vwReadEventIngestionBase
as
SELECT
	TS
	,ev.[DeviceVersion]
	,ev.ST
	,[EventTypeId]
	,[ApplicationId]
	,EventDateTime
	,[AppVersion]
	,[Url]
	,[Filename]
	,[FileVersion]
	,[FileSize]
	,[ExitCode]
	,[ItemName] =
		case when EventTypeId in (5,6, 29,31,1,2,3) then upper(substring([AdditionalData1],1,1)) + 'AX01 description' else [ItemName] end
	,[UploadedFilename]
	,[AdditionalData1] =
		case when EventTypeId in (5,6, 29,31,1,2,3) then upper(substring([AdditionalData1],1,1)) + 'AX01' else [AdditionalData1] end
	,[AdditionalData2]
	,[DynamicApplicationFieldsJSON]

	,EULA
	,OCD
	,LC
	,BR
	,[GeoId]
	,M
	,[GbF]
	,[IsTestDevice]
	,DNV
	,[DynamicDeviceFieldsJSON]

	,PN = case substring(ST,7,1)
			when '0' then 'Inspiron 11 - 3147'
			when '1' then 'Inspiron 20 Model 3043'
			when '2' then 'Inspiron 5558'
			when '3' then 'Latitude E5420'
			when '4' then 'Latitude E7440'
			when '5' then 'Inspiron 2350'
			when '6' then 'Dimension 4600'
			when '7' then 'Dell System Vostro 3750'
			when '8' then 'Dell XPS710'
			else 'Alienware 18' end
	,PID =	case substring(ST,7,1)
			when '0' then '064D'
			when '1' then '0690'
			when '2' then '06AE'
			when '3' then '049B'
			when '4' then '05CB'
			when '5' then '05DB'
			when '6' then '0155'
			when '7' then '04DA'
			when '8' then '0207'
			else '05AB' end
	,BN = 'Google Chrome'
	,BV = 	case 
			when substring(BV,1,1) between 'a' and 'f' then '15.0.849.0'
			when substring(BV,1,1) between 'g' and 'l' then '15.0.874.102'
			when substring(BV,1,1) between 'm' and 'q' then '17.0.942.0'
			when substring(BV,1,1) between 'r' and 'v' then '15.0.874.106'
			else '15.0.874.121' end
	,CPU =	case substring(ST,7,1)
			when '0' then 'A10-6800K'
			when '1' then 'AMD A4-1350 APU with Radeon(TM) HD Graphics'
			when '2' then 'AMD A6-1450 APU with Radeon(TM) HD Graphics'
			when '3' then 'AMD A8-3500M APU with Radeon(tm) HD Graphics'
			when '4' then 'Intel(R) Atom(TM) CPU  230   @ 1.60GHz'
			when '5' then 'Celeron(R) Dual-Core CPU       T3000  @ 1.80GHz'
			when '6' then 'Core i3-6010U CPU @ 3.0GHz'
			when '7' then 'Intel Pentium III family 1400MHz'
			when '8' then 'Genuine Intel(R) CPU                  @ 2.16GHz'
			else 'Intel(R) Xeon(R) CPU            3040  @ 1.86GHz' end
	,x.OsType
	,x.OSVER
	,x.osother
	  -- other fields not used in vwReadEventIngestion
	,IpAddress
	,EventTrackingCode
  FROM [DAWS].EventIngestion ev with (nolock)
  left join (values
		(18,'10.0.10240',100,1,1),
		(18,'10.0.10240',101,2,1),
		(18,'10.0.10240',121,3,1),
		(18,'10.0.10240',125,4,1),
		(18,'10.0.10240',129,5,1),
		(18,'10.0.10240',27,6,1),
		(18,'10.0.10240',4,7,1),
		(18,'10.0.10240',48,8,1),
		(18,'10.0.10240',49,9,1),
		(18,'10.0.10240',99,0,1),
		(18,'10.0.10240',122,1,2),
		(18,'10.0.10240',72,2,2),
		(18,'10.0.9888',48,3,2),
		(18,'6.1.7601',7,4,2),
		(18,'6.1.7601',8,5,2),
		(18,'6.1.7601',33,6,2),
		(18,'6.2.9200',98,7,2),
		(18,'6.2.9200',99,8,2),
		(18,'6.2.9200',8,9,2),
		(18,'6.2.8400',48,0,2),
		(18,'6.1.7600',1,1,3),
		(18,'6.1.7600',11,2,3),
		(18,'6.1.7600',2,3,3),
		(18,'6.1.7600',3,4,3),
		(18,'6.1.7600',4,5,3),
		(18,'6.1.7600',48,6,3),
		(18,'6.1.7600',7,7,3),
		(18,'6.1.7601',48,8,3),
		(18,'6.1.7601',49,9,3),
		(18,'6.1.7601',65,0,3),
		(18,'6.1.7601',null,1,4),
		(18,'6.1.7601',1,2,4),
		(18,'6.1.7601',10,3,4),
		(18,'6.1.7601',11,4,4),
		(18,'6.1.7601',2,5,4),
		(18,'6.1.7601',26,6,4),
		(18,'6.1.7601',27,7,4),
		(18,'6.1.7601',28,8,4),
		(18,'6.1.7601',3,9,4),
		(18,'6.1.7601',4,0,4),
		(18,'6.2.9200',100,1,5),
		(18,'6.2.9200',101,2,5),
		(18,'6.2.9200',103,3,5),
		(18,'6.2.9200',27,4,5),
		(18,'6.2.9200',2882382797,5,5),
		(18,'6.2.9200',4,6,5),
		(18,'6.2.9200',48,7,5),
		(18,'6.2.9200',49,8,5),
		(18,'6.2.9200',7,9,5),
		(18,'6.2.9200',72,0,5),
		(18,'6.0.6002',2,1,6),
		(18,'6.0.6002',2,2,6),
		(18,'6.0.6002',3,3,6),
		(18,'6.0.6002',3,4,6),
		(18,'6.0.6002',6,5,6),
		(18,'6.0.6002',6,6,6),
		(18,'6.0.6002',7,7,6),
		(18,'6.0.6002',7,8,6),
		(18,'6.0.6002',1,9,6),
		(18,'6.0.6002',1,0,6),
		(18,'6.3.9431',48,1,7),
		(18,'6.3.9600',7,2,7),
		(18,'6.3.9600',72,3,7),
		(18,'6.3.9600',8,4,7),
		(18,'6.3.9600',89,5,7),
		(18,'6.3.9600',91,6,7),
		(18,'6.3.9600',98,7,7),
		(18,'6.3.9600',99,8,7),
		(18,'6.0.6000',6,9,7),
		(18,'6.0.6000',3,0,7),
		(18,'6.3.9600',null,1,8),
		(18,'6.3.9600',100,2,8),
		(18,'6.3.9600',101,3,8),
		(18,'6.3.9600',103,4,8),
		(18,'6.3.9600',27,5,8),
		(18,'6.3.9600',33,6,8),
		(18,'6.3.9600',4,7,8),
		(18,'6.3.9600',48,8,8),
		(18,'6.3.9600',49,9,8),
		(18,'6.3.9600',50,0,8),
		(18,'10.0.10240',100,0,9),
		(18,'10.0.10240',101,1,9),
		(18,'10.0.10240',122,2,9),
		(18,'10.0.10240',72,3,9),
		(18,'6.1.7600',1,4,9),
		(18,'6.1.7600',11,5,9),
		(18,'6.1.7601',null,6,9),
		(18,'6.1.7601',1,7,9),
		(18,'6.2.9200',100,8,9),
		(18,'6.2.9200',101,9,9),
		(18,'6.2.9200',103,0,0),
		(18,'6.2.9200',27,1,0),
		(18,'6.0.6002',2,2,0),
		(18,'6.0.6002',2,3,0),
		(18,'6.3.9431',48,4,0),
		(18,'6.3.9600',7,5,0),
		(18,'6.3.9600',72,6,0),
		(18,'6.3.9600',null,7,0),
		(18,'6.3.9600',100,8,0),
		(18,'6.3.9600',101,9,0) ) x (OsType	, OSVER, osother ,rnkOther, rnkOsType)
			on x.rnkOther = ev.osother and x.rnkOsType = ev.OsType
GO
PRINT N'Creating [Dashboard].[vwNotifications]...';


GO
create view Dashboard.vwNotifications
as
SELECT [WinEndTime]
      ,[SWB]
      ,[cntDownloadSuccess]
      ,[cntDownload]
      ,[cntInstallationSuccess]
      ,[cntInstallation]
      ,DownloadRate = case when cntDownload <> 0 then 1.0 * cntDownloadSuccess / cntDownload end
	  ,InstallationRate = case when cntInstallation <> 0 then 1.0 * cntInstallationSuccess / cntInstallation end
  FROM [Dashboard].[NotificationTestSQL]
  WHERE [WinEndTime] > dateadd( day, -1, getutcdate() )
GO
PRINT N'Creating [Dashboard].[vwApplicationStatistics]...';


GO
create view Dashboard.vwApplicationStatistics
as
select ApplicationId
		,totMessages = sum(AppMessages)
		,cntAppCrashes = sum(CntAppCrashes)
		,cntDownloadSuccess = sum(cntDownloadSuccess), cntDownload = sum(cntDownload)
		,DownloadRate = case when sum(cntDownload) <> 0 then 1.0 * sum(cntDownloadSuccess) / sum(cntDownload) end
		, cntInstallationSuccess = sum(cntInstallationSuccess), cntInstallation = sum(cntInstallation)
		,InstallationRate = case when sum(cntInstallation) <> 0 then 1.0 * sum(cntInstallationSuccess) / sum(cntInstallation) end
 from [Dashboard].DashboardTestSQLDrilldown
 where [WinEndTime] > dateadd( day, -1, getutcdate() )
 group by ApplicationId
GO
PRINT N'Creating [Dashboard].[vwDriverInstallationRate]...';


GO
create view Dashboard.vwDriverInstallationRate
as
select SWB
		,ApplicationId = case when min(ApplicationId) = max(ApplicationId) then max(ApplicationId) end
		,ItemName = max( ItemName )
		,cntDownloadSuccess = sum(cntDownloadSuccess), cntDownload = sum(cntDownload)
		,DownloadRate = case when sum(cntDownload) <> 0 then 1.0 * sum(cntDownloadSuccess) / sum(cntDownload) end
		, cntInstallationSuccess = sum(cntInstallationSuccess), cntInstallation = sum(cntInstallation)
		,InstallationRate = case when sum(cntInstallation) <> 0 then 1.0 * sum(cntInstallationSuccess) / sum(cntInstallation) end
 from [Dashboard].[DashboardTestSQLDrilldown]
 where [WinEndTime] > dateadd( day, -1, getutcdate() )
	and len(SWB) > 1 -- for now
 group by SWB
 having sum(cntDownload) + sum(cntInstallation) > 0
GO
PRINT N'Creating [PowerBI].[Event Type]...';


GO
create view PowerBI.[Event Type]
as
SELECT [EventTypeId]
      ,[EventTypeName]
      ,[Description]
  FROM [DAWS].[EventType] with (nolock)
GO
PRINT N'Creating [PowerBI].[Application]...';


GO
create view PowerBI.[Application]
as
SELECT [ApplicationId]
      ,[ApplicationName]
      ,[Description]
      ,[MayUpdateDeviceDetails]
      ,[isEnabled]
  FROM [DAWS].[Application] with (nolock)
GO
PRINT N'Creating [PowerBI].[HeartbeatMonth]...';


GO
create view [PowerBI].[HeartbeatMonth]
as
select
		   MonthKey = HeartbeatMonth -- join to dimDate at month level
		  ,ServiceTag
		  ,[LanguageCultureName]
		  ,[Language] = substring([LanguageCultureName], 1, 2)
		  ,LanguageCountry = substring([LanguageCultureName], 4, 2)
		  ,[BiosRev]
		  ,[PlatformId]
		  ,[DefaultBrowserId]
		  ,[CpuId]
		  ,[OperatingSystemId]
		  ,cntDevice
  from (
	select HeartbeatMonth = YEAR(MonthKey) * 100 + MONTH( MonthKey )
		  ,ServiceTag
		  ,[LanguageCultureName]
		  ,[BiosRev]
		  ,[PlatformId]
		  ,[DefaultBrowserId]
		  ,[CpuId]
		  ,[OperatingSystemId]
		  ,monthRnk = row_number() over (partition by ServiceTag, YEAR(MonthKey) * 100 + MONTH( MonthKey ) order by MonthKey desc)
		  ,1 as cntDevice
	 from BI.factHeartbeatMonth
  ) hb
  where monthRnk = 1
GO
PRINT N'Creating [PowerBI].[Platform]...';


GO
create view PowerBI.[Platform]
as
SELECT [PlatformId]
      ,[PlatformName]
      ,[PlatformIdHex]
      ,[CodeName]
      ,[MarketingName]
	  ,PlatformPrefix = case when PNch > 0 then replace(substring(PlatformForPrefix, 1, PNch), '''','') else 'Other' end
	  ,MarketingPrefix = case when MKch > 0 then replace(substring(MarketingName, 1, MKch), '''','') else 'Other' end
  FROM (
	select *,
			PNch = PATINDEX( '% %', PlatformForPrefix),
			MKch = PATINDEX( '% %', MarketingName)
		FROM (select *,
			PlatformForPrefix =
			 case
				when MarketingName	like 'Dimension%'			then 'Dimension XX'
				when PlatformName		like 'DELL Dimension%'	then 'Dimension XX'
				when MarketingName	like 'DELL Precision%'		then 'Precision XX'
				when MarketingName	like 'DELL Precision%'		then 'Storage XX'
				when PlatformName	like 'M%'				then MarketingName
				when PlatformName	like 'Dell System Inspiron%' then 'Inspiron XX'
				when PlatformName	like 'Dell System Vostro%'	then 'Vostro XX'
				when PlatformName	like 'Dell System XPS%'		then 'XPS XX'
				else replace(PlatformName, '''','') end
			from [BI].[Platform]
		) x
	) pl
GO
PRINT N'Creating [PowerBI].[Time]...';


GO
create view PowerBI.[Time]
as
SELECT [Time]
      ,[Hour]
      ,[MilitaryHour]
      ,[Minute]
      ,[Second]
      ,[AmPm]
      ,[StandardTime]
  FROM [BI].[DimTime]
GO
PRINT N'Creating [PowerBI].[Date]...';


GO
create view [PowerBI].[Date]
as
SELECT [Date]
      ,[Day]
      ,[DaySuffix]
      ,[DayOfWeek]
      ,[DOWInMonth]
      ,[DayOfYear]
      ,[WeekOfYear]
      ,[WeekOfMonth]
      ,[Month]
      ,[MonthName]
      ,[Quarter]
      ,[QuarterName]
      ,[Year]
      ,[StandardDate]
      ,[HolidayText]
	  ,MonthKey = case when [day] = 1 then [Year]*100+[Month] else -1 * row_number() over(order by date) end
  FROM [BI].[DimDate]
  where [date] between '2015-11-01' and '2016-02-01'
GO
PRINT N'Creating [PowerBI].[CPU]...';


GO
create view PowerBI.CPU
as
SELECT [CpuId]
      ,[CpuName]
      ,[CpuClass]
      ,[CpuMaker]
  FROM [BI].[Cpu]
GO
PRINT N'Creating [PowerBI].[Browser]...';


GO
create view PowerBI.Browser
as
SELECT [BrowserId]
      ,[BrowserName]
      ,[BrowserVersion]
      ,[BN]
      ,[BV]
	  ,BrowserFiltered = case when BrowserName like '%Internet Explorer' then 'IE'
	        when BrowserName like '%Google%Chrome%' then 'Chrome'
			when BrowserName = 'spark' then 'spark'
			when BrowserName = 'Firefox' then 'Firefox'
			when BrowserName = 'Opera Internet Browser' then 'Opera'
			else 'Other' end
  FROM [BI].[Browser]
GO
PRINT N'Creating [PowerBI].[Device]...';


GO
create view PowerBI.Device
as
SELECT [ServiceTag]
      ,[DeviceVersion]
      ,[DeviceCreationDate]
      ,[LastHeartbeatDate]
      ,[LastUpdateDateTime]
      ,[IsTestDevice]
      ,[CountryName]
      ,CountryIsWellDefined = case when [OtherCountryName] is null then 'Yes' else 'No' end
      ,[UserType]
  FROM [BI].[dimDevice]
GO
PRINT N'Creating [PowerBI].[HeartbeatMonthByApp]...';


GO
CREATE VIEW [PowerBI].[HeartbeatMonthByApp]
	as
select
		   HeartbeatMonth = Year([MonthKey]) * 100 + Month(MonthKey)
		  ,ServiceTag
		  ,[ApplicationId]
		  ,[AppVersion]
		  ,[LanguageCultureName]
		  ,[Language] = substring([LanguageCultureName], 1, 2)
		  ,LanguageCountry = substring([LanguageCultureName], 4, 2)
		  ,[BiosRev]
		  ,[PlatformId]
		  ,[DefaultBrowserId]
		  ,[CpuId]
		  ,[OperatingSystemId]
		  ,cntDevice = 1
  from BI.factHeartbeatMonth
GO
PRINT N'Creating [PowerBI].[Operating Systems]...';


GO
create view PowerBI.[Operating Systems]
as
SELECT [OperatingSystemId]
      ,[OsType]
      ,[OSVER]
      ,[osother]
      ,[OSName]
      ,[WindowName]
      ,[OtherName]
  FROM [BI].[dimOperatingSystem]
GO
PRINT N'Creating [PowerBI].[Events]...';


GO

create view [PowerBI].[Events]
as
SELECT
       [ServiceTag]
      ,[DeviceVersion]
      ,[EventTypeId]
      ,[ApplicationId]
      ,EventDate = convert(date, [EventDateTime])
	  ,EventTime = substring(convert(varchar(20), convert(time, [EventDateTime])),1,5)+':'+[EventDateTime2] 
      ,EventCreatedDate = convert(date, [EventCreatedTime])
	  ,EventCreatedTime = substring(convert(varchar(20), convert(time, [EventCreatedTime])),1,5)+':'+[EventCreatedTime2]
	  ,daysFromToday = datediff( day, EventCreatedTime, getUtcDate() )
      ,[AppVersion]
      ,[Url]
      ,[Filename]
      ,[FileVersion]
      ,[FileSize]
      ,[ExitCode]
      ,[ItemName]
      ,[UploadedFilename]
      ,[AdditionalData1]
      ,[AdditionalData2]
      ,[DynamicApplicationFieldsJSON]
      ,[EULA]
      ,[OobeCompleteDate]
      ,[LanguageCultureName]
	  ,[Language] = substring([LanguageCultureName], 1, 2)
	  ,LanguageCountry = substring([LanguageCultureName], 4, 2)
      ,[BiosRev]
      ,[GeoId]
      ,[PlatformId]
      ,[DefaultBrowserId]
      ,[CpuId]
      ,[OperatingSystemId]
      ,[SystemRamMb]
      ,[HardDriveGbFree]
      ,[IsTestDevice]
      ,[DotNetVersionList]
      ,[DynamicDeviceFieldsJSON]
	  ,WSB = case when EventTypeId in (1,2,3,5,6,29,31) then [AdditionalData1] end
	  ,WSB_5 = case when len([AdditionalData1]) >= 5 and EventTypeId in (1,2,3,5,6,29,31) then [AdditionalData1] end
		,cntDownloadSuccess = case when EventTypeId = 2 then 1 else 0 end
		,cntDownloadFailure = case when EventTypeId = 3 then 1 else 0 end
		,cntDownload = case when EventTypeId = 1 then 1 else 0 end
		,cntInstallationSuccess = case when EventTypeId in (29, 5) then 1
						  when EventTypeId = 31 then -1 else 0 end
		,cntInstallation = case when EventTypeId in (29, 5, 6) then 1 else 0 end
      ,CntAppCrashes = CASE WHEN EventTypeId = 10 then 1 else 0 end
  FROM [BI].[factEvent]
GO
PRINT N'Creating [BI].[vwReadEventIngestion]...';


GO
create view BI.vwReadEventIngestion
as
SELECT
	TS as [EventCreatedDate]
	,ev.[DeviceVersion]
	,ev.ST as [ServiceTag]
	,[EventTypeId]
	,[ApplicationId]
	,EventDateTime = convert(datetime, substring( convert(varchar(30), EventDateTime), 1, 16))
	,EventDateTime2 = substring( convert(varchar(30), EventDateTime), 18, 30)
	,EventCreatedTime = convert(datetime, substring( convert(varchar(30), TS), 1, 16))
	,EventCreatedTime2 = substring( convert(varchar(30), TS), 18, 30)
	,[AppVersion]
	,[Url] = case  when ev.Url like '%?AuthGUID=%' then substring( ev.Url, 1, patindex('%?AuthGUID=%', ev.Url)+8) else ev.Url end
	,[Filename]
	,[FileVersion]
	,[FileSize]
	,[ExitCode]
	,[ItemName]
	,[UploadedFilename]
	,[AdditionalData1]
	,[AdditionalData2]
	,[DynamicApplicationFieldsJSON]

	,EULA
	,[OCD] as OobeCompleteDate
	,LC as [LanguageCultureName]
	,BR as [BiosRev]
	,[GeoId]
	,PlatformId = isnull(pl.PlatformId,-1)
	,DefaultBrowserId = isnull(bw.BrowserId,-1)
	,CpuId = isnull(cpu.CpuId, -1)
	,OperatingSystemId = isnull(dimOS.OperatingSystemId,-1)
	,SystemRamMb = M
	,HardDriveGbFree = [GbF]
	,[IsTestDevice]
	,DotNetVersionList = ev.DNV
	,[DynamicDeviceFieldsJSON]
  FROM BI.vwReadEventIngestionBase ev with (nolock)
  LEFT JOIN [BI].[Platform] pl on pl.[PlatformName] = ev.PN and pl.[PlatformIdHex] = ev.PID
  LEFT JOIN [BI].[Browser] bw on bw.BrowserName = ev.BN and bw.BrowserVersion = ev.BV
  LEFT JOIN BI.Cpu cpu on cpu.CpuName = ev.CPU
  LEFT JOIN BI.dimOperatingSystem dimOS on dimOS.OsType = isnull(ev.OsType,-1) and dimOS.OSVER = isnull(ev.OSVER,'')
		and dimOS.osother = case when isnumeric(ev.osother) <> 1 then '' else convert(bigint,ev.osother) end
GO
PRINT N'Creating [API].[EventHubLog_Add]...';


GO
create procedure [API].[EventHubLog_Add]
  @EventHubInfoId int
, @EventType nvarchar(255) = 'Audit'
, @Note nvarchar(max) = null
as
BEGIN
	set nocount on;

	INSERT INTO [API].[EventHubLog]
			   ([EventHubInfoId]
			   ,[When]
			   ,[EventType]
			   ,[Note])
		 VALUES
			   (@EventHubInfoId
			   ,GetUtcDate()
			   ,@EventType
			   ,@Note);
END
GO
PRINT N'Creating [BI].[spAddPreviousDayToFacts]...';


GO
create procedure BI.spAddPreviousDayToFacts
as
begin
BEGIN TRY

-- truncate table [BI].[factEvent]
-- truncate table [BI].[factHeartbeat]
  declare @prevDay date = dateadd(day, -1, GetUtcDate())

	INSERT INTO [BI].[factHeartbeat]
			   (EventCreatedTime
			   ,[ServiceTag]
			   ,[ApplicationId]
			   ,[AppVersion]
			   ,[LanguageCultureName]
			   ,[BiosRev]
			   ,[PlatformId]
			   ,[DefaultBrowserId]
			   ,[CpuId]
			   ,OperatingSystemId )
	SELECT
		   EventCreatedTime
		  ,[ServiceTag]
		  ,[ApplicationId]
		  ,[AppVersion]
		  ,[LanguageCultureName]
		  ,[BiosRev]
		  ,PlatformId
		  ,DefaultBrowserId
		  ,CpuId
		  ,OperatingSystemId
	  FROM BI.vwReadEventIngestion
	  where EventTypeId = 7  -- we could save in this table also OneTimePing, ButtonClicked and maybe other event types
	   and convert(date, EventCreatedTime) = @prevDay

	INSERT INTO [BI].[factEvent]
			   (
				[DeviceVersion]
			   ,[ServiceTag]
			   ,[EventTypeId]
			   ,[ApplicationId]
			   ,EventDateTime
			   ,[EventDateTime2]
			   ,EventCreatedTime
			   ,[EventCreatedTime2]
			   ,[AppVersion]
			   ,[Url]
			   ,[Filename]

			   ,[FileVersion]
			   ,[FileSize]
			   ,[ExitCode]
			   ,[ItemName]
			   ,[UploadedFilename]
			   ,[AdditionalData1]
			   ,[AdditionalData2]
			   ,EULA
			   ,OobeCompleteDate
			   ,[LanguageCultureName]
			   ,[BiosRev]
			   ,[GeoId]
			   ,[PlatformId]
			   ,[DefaultBrowserId]
			   ,[CpuId]
			   ,[OperatingSystemId]
			   ,[SystemRamMb]
			   ,[HardDriveGbFree]
			   ,[IsTestDevice]
			   ,[DotNetVersionList]
			   ,[DynamicApplicationFieldsJSON]
			   ,[DynamicDeviceFieldsJSON]
		)
	SELECT
		[DeviceVersion]
		,[ServiceTag]
		,[EventTypeId]
		,[ApplicationId]
		,EventDateTime
		,EventDateTime2
		,EventCreatedTime
		,EventCreatedTime2
		,[AppVersion]
		,[Url]
		,[Filename]
		,[FileVersion]
		,[FileSize]
		,[ExitCode]
		,[ItemName]
		,[UploadedFilename]
		,[AdditionalData1]
		,[AdditionalData2]
		,EULA
		,OobeCompleteDate
		,[LanguageCultureName]
		,[BiosRev]
		,[GeoId]
		,PlatformId
		,DefaultBrowserId
		,CpuId
		,OperatingSystemId
		,SystemRamMb
		,HardDriveGbFree
		,[IsTestDevice]
		,DotNetVersionList
		,[DynamicApplicationFieldsJSON]
		,[DynamicDeviceFieldsJSON]
	  FROM BI.vwReadEventIngestion
	  where EventTypeId <> 7
	   and convert(date, EventCreatedTime) = @prevDay

END TRY
BEGIN CATCH
    THROW;
END CATCH;

end
GO
PRINT N'Creating [BI].[spCompactIpRange]...';


GO
create procedure BI.spCompactIpRange
as
begin
/*
 drop contigous records in the MapRangeIpToCountry (the database is more detailed than needed)
 to try to speed up the lookup
*/
BEGIN TRY
	truncate table BI.MapRangeIpToCountryCompact
	ALTER TABLE BI.MapRangeIpToCountryCompact DROP CONSTRAINT IF EXISTS PK_MapRangeIpToCountryCompact

	insert into BI.MapRangeIpToCountryCompact
	select *
	 from (
		select *, toDelete = case when IPFrom = prevIpTo and Country2 = PrevCountry2 then 1 else 0 end
		 from (
			select *,
					 prevIpTo = lag(IPTo,1) over( order by IPFrom)+1, prevCountry2 = lag(Country2,1) over( order by IPFrom),
					 rnk = row_number() over( order by IPFrom )
			 from [BI].[MapRangeIpToCountry]
		  ) l
		) l1

	DROP TABLE IF EXISTS #d
	CREATE TABLE #d (
		[IPFrom] [bigint] NOT NULL,
		[IPTo] [bigint] NOT NULL,
		[Country2] [varchar](2) NULL,
		[Country3] [varchar](3) NULL,
		[CountryName] [varchar](50) NULL,
		[prevIpTo] [bigint] NULL,
		[prevCountry2] [varchar](2) NULL,
		[rnk] [bigint] NULL,
		[toDelete] [int] NOT NULL
	)

	declare @step int = 2
	declare @rows int = 1

	while @rows > 0
	begin
		truncate table #d
		insert into #d
		select d.*
		  from BI.MapRangeIpToCountryCompact k
		  join BI.MapRangeIpToCountryCompact d on k.toDelete = 0 and d.toDelete = 1 and k.rnk + @step = d.rnk and k.IPTo+1 = d.IPFrom

		update k set k.IPTo = d.IPTo
		-- select *
		  from BI.MapRangeIpToCountryCompact k
		  join #d d on k.toDelete = 0 and d.toDelete = 1 and k.rnk +@step = d.rnk

		delete from BI.MapRangeIpToCountryCompact 
		 where rnk in (select rnk from #d)

		set @rows = @@ROWCOUNT
		set @step = @step + 1
	end

	-- select count(*) from BI.MapRangeIpToContryCompact

	ALTER TABLE BI.MapRangeIpToCountryCompact ADD CONSTRAINT PK_MapRangeIpToCountryCompact  PRIMARY KEY CLUSTERED (	[IPFrom] )

END TRY
BEGIN CATCH
    THROW;
END CATCH;

end
GO
PRINT N'Creating [BI].[spRebuildDimDevice]...';


GO
create procedure BI.spRebuildDimDevice
as
begin
BEGIN TRY
 truncate table [BI].[dimDevice]

-- on 4M devices: 0:50
INSERT INTO [BI].[dimDevice]
           ([ServiceTag]
           ,[DeviceVersion]
           ,[DeviceCreationDate]
           ,[LastHeartbeatDate]
           ,[LastUpdateDateTime]
           ,[IsTestDevice]
           ,[CountryName]
           ,[OtherCountryName]
           ,[UserType])
SELECT d.ServiceTag
      ,d.DeviceVersion
      ,convert(date, d.DeviceCreatedDateTime)
	  ,hb.LastHeartbeatDate
      ,d.LastUpdateDateTime
      ,d.IsTestDevice
	  ,ip.Country1
	  ,ip.Country2
	  ,ip.UserType
  FROM [DAWS].[DeviceIngestion] d
  left join (select ServiceTag, LastHeartbeatDate = Max(LastHeartbeatDate) from 
                   (select ServiceTag, LastHeartbeatDate = Max([EventCreatedTime]) 
				       from BI.factHeartbeat 
					   group by ServiceTag
					union all
					select ServiceTag, LastHeartbeatDate = Max([EventCreatedTime])
						from BI.factEvent
						group by ServiceTag
					) ev
				 group by ServiceTag
				) hb on d.ServiceTag = hb.ServiceTag
  left join (select ServiceTag
				  , Country1 = Min(CountryName)
				  , Country2 = case when Min(CountryName) <> Max(CountryName) then Max(CountryName) end
				  , UserType = case when count(distinct IpAddress) > 3 then 'Business User' else 'Home user' end
				   from BI.factIPAddress
				   group by ServiceTag
				   ) ip on ip.ServiceTag = d.ServiceTag

-- select top 10000 * from bi.dimDevice where othercountryname is not null

END TRY
BEGIN CATCH
    THROW;
END CATCH;

end
GO
PRINT N'Creating [BI].[spAddDimensionRecords]...';


GO
create procedure BI.spAddDimensionRecords
	-- parameters TBD: maybe # of hours to look back in daws.EventIngestion
as
begin
/*
 from bi.vwReadeventIngestion the list of lookup tables is:
  LEFT JOIN [BI].[Platform] pl on pl.[PlatformName] = ev.PN and pl.[PlatformIdHex] = ev.PID
  LEFT JOIN [BI].[Browser] bw on bw.BrowserName = ev.BN and bw.BrowserVersion = ev.BV
  LEFT JOIN BI.CPU cpu on cpu.CpuName = ev.CPU
  LEFT JOIN BI.dimOperatingSystem dimOS on dimOS.OsType = isnull(ev.OsType,-1) and dimOS.OSVER = isnull(ev.OSVER,'')
		and dimOS.osother = case when isnumeric(ev.osother) <> 1 then '' else convert(bigint,ev.osother) end

*/
BEGIN TRY

	--=======================================================
	--=============  PLATFORM ===============================
	--=======================================================
	-- 10.5 M events 0:40
	drop table if exists #pl
	select distinct ev.PN, ev.PID
	   into #pl
	   from BI.vwReadEventIngestionBase ev with (nolock)
	   LEFT JOIN BI.[Platform] pl on pl.PlatformName = ev.PN and pl.PlatformIdHex = ev.PID
	   WHERE pl.PlatformName is null
	      and ev.PN is not null
	      and ev.PID is not null -- not defined if both are not provided
--	  and ev.TS >= dateadd( day, -1, GetUtcDate() ) -- or different base on frequency of check

	INSERT INTO [BI].[Platform]
           ([PlatformName]
           ,[PlatformIdHex]
           ,[CodeName]
           ,[MarketingName])
	  select PN, PID, 'TBD', 'TBD'
	     from #pl

	--=======================================================
	--=============  BROWSER ================================
	--=======================================================
	-- 10.5 M events 2:50
	drop table if exists #br
	select distinct ev.BN, ev.BV
	   into #br
	   from BI.vwReadEventIngestionBase ev with (nolock)
	   LEFT JOIN BI.Browser b on b.BN = ev.BN and b.BV = ev.BV
	   WHERE b.BrowserName is null
	      and ev.BN is not null
	      and ev.BV is not null -- ??
--	  and ev.TS >= dateadd( day, -1, GetUtcDate() ) -- or different base on frequency of check

    INSERT INTO [BI].[Browser]
           ([BrowserName]
           ,[BrowserVersion]
           ,[BN]
           ,[BV])
	select BN, isnull(BV,''), BN, isnull(BV,'')
	   from #br
/*
 update bi.browser set BrowserName = 'Unknown'
  where BN in ('114fOÈh', '^qO%C3%88h', 'I5OÈh', '155O%C3%88h', 'UCOÈh', 'zgO%C3%88h 2', '%C2%B15O%C3%88h', 'I5O%C3%88h', '%C3%96%C5%93O%C3%88h', 'ê8OÈh', '%C3%85%C3%B7q%C3%B3', 'QQOÈh5'
    , 'z+OÈh' , '%C3%97|O%C3%88h', 'KRO%C3%88h', 'TODO: <ivOÈh>', '%@><', '~%C2%A6O%C3%88h%C3%B4%C2%B0%C3%80%C3%A5', 'QQO%EF%BF%BDh', 'zg‘OÈh', 'TPO%C3%88h8%CB%86H', '~%C2%A6O%C3%88h', 'UCO%C3%88h', 'hao123TPOÈh'
	, '%E2%80%A6%C2%A7TPO%C3%88h', 'Microsoft%C2%AE Windows%C2%AE Operating System', '114fO%C3%88h', 'QQOÈh', '2345zýOÈh', '115O%C3%88h', '~¦qóOÈh', '360%E2%80%B0hO%C3%88h', '%C3%8AZO%C3%88h', '2345Explorer'
	, '100O%C3%88h', '115OÈh', 'ÖœOÈh', 'TPO%C3%88h', '%C3%9DIO%C3%88h', '%E2%80%A6%C3%ABO%C3%88h', 'TODO: <))OÈh>', '~%C2%A6q%C3%B3O%C3%88h', 'QQO%C3%88h5', 'YYO%C3%88h', '%C3%AB%C2%A9O%C3%88h', '{%E2%80%98O%C3%88h'
	, '{%E2%80%98O%C3%88h', '360‰hOÈh', 'hao123TPO%C3%88h', '2345O%C3%88h', 'ÊZOÈh', '[[O%C3%88h', '2345z%C3%BDO%C3%88h', 'QQO%C3%88h6', '2345%E2%80%B9LO%C3%88h', '%C3%98%C2%9DO%C3%88h', '%C3%9E~O%C3%88h(FlyIe)', 'UCO%EF%BF%BDh'
	, 'QQOÈh6', '115O%C3%88h2.0', 'hao123TPO%EF%BF%BDh' , 'QQO%C3%88h', '114fO%C3%88h1.0', 'ØOÈh', '~%EF%BF%BDO%EF%BF%BDh', 'KROÈh', 'zg%E2%80%98O%C3%88h', '^qOÈh', '360%EF%BF%BDhO%EF%BF%BDh', 'YYOÈh', '%C3%AA8O%C3%88h'
	, 'TPOÈh8ˆH', '…§TPOÈh', '±5OÈh', 'ÝIOÈh', '%E2%80%98K:%C2%A9K', '2345z%EF%BF%BDO%EF%BF%BDh', 'TODO: <))O%C3%88h>', '~¦OÈhô°Àå', '2345‹LOÈh', '~¦OÈh', 'TPOÈh', '%C3%BFrO%C3%88h', 'E8O%C3%88h[e-Roam]'
	,'%C2%B9%C3%83O%C3%88h','2345%EF%BF%BDLO%EF%BF%BDh','%E2%80%A6%C2%A7O%C3%88h','2345OÈh','Microsoft%C2%AE Visual Studio%C2%AE 2010','360%E2%80%B0hLb','Å÷qó','ÿrOÈh','155OÈh','[[OÈh'
	,'Microsoft(R) Windows(R) Operating System', 'Microsoft® Windows® Operating System', 'Microsoft® Windows® Operating System', 'System operacyjny Microsoft® Windows®')

  update bi.browser set BrowserName = 'Internet Explorer'
  -- select * from bi.browser
  where BN like '%internet%explorer%' and BN <> 'Internet Explorer'

  update bi.browser set BrowserName = 'Kometa'
  -- select * from bi.browser
  where BN like '%Kometa%' and BN <> 'Kometa'

  update bi.browser set BrowserName = 'Google Chrome'
  -- select * from bi.browser
  where BN like '%Chrome%' and BN <> 'Google Chrome'

  update bi.browser set BrowserName = 'Opera Internet Browser'
  -- select * from bi.browser
  where BN like '%Opera%' and BN <> 'Opera Internet Browser' and BrowserName <> 'Unknown'

 select BrowserName, count(*)
   from bi.browser
   group by BrowserName
   order by 2 desc
*/
	--=======================================================
	--=============  CPU ====================================
	--=======================================================
	-- 10.5 M events 
	drop table if exists #cpu
	select distinct CPU
	   into #cpu
	   from BI.vwReadEventIngestionBase ev with (nolock)
	   LEFT JOIN BI.Cpu cpu on cpu.CpuName = ev.CPU
	   WHERE cpu.CpuName is null
--	  and ev.TS >= dateadd( day, -1, GetUtcDate() ) -- or different base on frequency of check

	INSERT INTO [BI].[Cpu]
			   ([CpuName]
			   ,[CpuClass]
			   ,[CpuMaker])
    select ev.CPU, 
			CpuClass = case
				when CPU like '%Intel%Core(TM)%' 	then 'Core'
				when CPU like '%Intel%Atom(TM)%' 	then 'Atom'		
				when CPU like '%Intel%Xeon(%' 		then 'Xeon'		
				when CPU like '%Intel%Pentium(R)%' 	then 'Pentium'	
				when CPU like '%Intel%Celeron(R)%' 	then 'Celeron'	
				when CPU like '%AMD% A6-%' 				then 'A6'		
				when CPU like '%AMD% A10-%' 			then 'A10'		
				when CPU like '%AMD% A8-%' 				then 'A8'		
				when CPU like '%AMD% A4-%' 				then 'A4'		
				when CPU like '%AMD% E1-%' 				then 'E1'		
				when CPU like '% Athlon(tm)%' 		then 'Athlon'	
				when CPU like '% Phenom(tm)%' 		then 'Phenom'	
				when CPU like '% Turion(tm)%' 		then 'Turion'	
				when CPU like '% Athlon(tm)%' 		then 'Athlon'	
				when CPU like '% Sempron(tm)%' 		then 'Sempron'	 
				else 'Unknown'   end,
			CpuMaker = case
				when CPU like '%Intel%' then 'Intel'
				when CPU like '%AMD%' then 'AMD'
				when CPU like '%Pentium(R)%' then 'Intel'

				when CPU like '%Celeron(R)%' then 'Intel'
				else 'Unknown'   end
	  from #cpu ev

	--=======================================================
	--=============  OPERATING SYSTEM =======================
	--=======================================================
	drop table if exists #os
	select distinct OsType, OSVER, osother = convert(bigint, osother)
	   into #os
	   from BI.vwReadEventIngestionBase with (nolock)
--	  and ev.TS >= dateadd( day, -1, GetUtcDate() ) -- or different base on frequency of check

	INSERT INTO [BI].[dimOperatingSystem]
			   ([OsType]
			   ,[OSVER]
			   ,[osother]
			   ,[OSName]
			   ,[WindowName]
			   ,[OtherName])
	select o.OsType, o.OSVER, isnull(o.osother,'') , isnull(osN.Name,'Unknown'), isnull(os.Name,case when osN.Name = 'WINNT' then 'Unknown' else 'N/A' end), isnull(WindowsSkuName,'')
		from (
			select distinct OsType = isnull(t.OsType,-1)
						   ,OSVER = isnull(t.OSVER,'')
						   ,osother = isnull(t.osother,'')
			   from #os t
			   left join BI.dimOperatingSystem dim on dim.OsType = isnull(t.OsType,-1) and dim.OSVER = isnull(t.OSVER,'') and dim.osother = isnull(t.osother,'')
			   where isnumeric(t.osother) = 1 -- this imply that OperatingSystemId is null if osother is non numeric
				and coalesce( t.OsType, t.OSVER, t.osother ) is not null
				and dim.OsType is null
			   ) o
	LEFT JOIN BI.MapWindowsVersionToName os on o.OSVER = os.WindowsVersion
	LEFT JOIN BI.[MapOsTypeToName] osN on osN.OsType = o.OsType
	LEFT JOIN BI.[MapWindowsSkuName] sku on isnumeric(o.osother) = 1 and sku.WindowsSku = convert(bigint, o.osother)

	INSERT INTO [BI].[dimOperatingSystem]
			   ([OsType]
			   ,[OSVER]
			   ,[osother]
			   ,[OSName]
			   ,[WindowName]
			   ,[OtherName])
	select o.OsType, o.OSVER, isnull(o.osother,'') , isnull(osN.Name,'Unknown'), isnull(os.Name,case when osN.Name = 'WINNT' then 'Unknown' else 'N/A' end), ''
		from (
			select distinct OsType = isnull(t.OsType,-1)
						   ,OSVER = isnull(t.OSVER,'')
						   ,osother = ''
			   from #os t
			   left join BI.dimOperatingSystem dim on dim.OsType = isnull(t.OsType,-1) and dim.OSVER = isnull(t.OSVER,'') and dim.osother = ''
			   where isnumeric(t.osother) <> 1 -- this imply that OperatingSystemId is null if osother is non numeric
			    and coalesce( t.OsType, t.OSVER ) is not null
				and dim.OsType is null
			   ) o
	LEFT JOIN BI.MapWindowsVersionToName os on o.OSVER = os.WindowsVersion
	LEFT JOIN BI.[MapOsTypeToName] osN on osN.OsType = o.OsType

END TRY
BEGIN CATCH
    THROW;
END CATCH;

end
GO
PRINT N'Creating [BI].[spAddIPAddress]...';


GO
create procedure BI.spAddIPAddress
	-- parameters TBD: maybe # of hours to look back in daws.EventIngestion
as
begin
BEGIN TRY
     -- read the list of IP arrived since the last check
	drop table if exists #NewIPs
	create table #NewIPs (
	 ServiceTag char(7) not null,
	 IpAddress varchar(15) not null,
	 Ip bigint not null,
	 primary key (ServiceTag, IpAddress)
	 )

	insert into #NewIPs (ServiceTag, IpAddress, Ip)
      select distinct ST, IpAddress,
			IP = CAST( PARSENAME( IpAddress, 4 ) AS bigint ) * 16777216 + CAST( PARSENAME( IpAddress, 3 ) AS bigint ) * 65536 +
			          CAST( PARSENAME( IpAddress, 2 ) AS bigint ) * 255 + CAST( PARSENAME( IpAddress, 1 ) AS bigint )
		    	  from BI.vwReadEventIngestionBase ev
	  where isnumeric( replace(ev.IpAddress, '.','') ) = 1 -- just to make sure...
--	    and ev.TS >= dateadd( day, -1, getUtcDate() ) -- or different base on frequency of check
	-- on 10.5M Events --> 2:28
	-- the rest of the script is "safe", because it is using #temp and bi.factAddress (we can use a temp table to avoid locking the table for too long)

     -- evaluate the list of IP arrived since the last check that needs to be inserted
	-- 3,897,079 first load
	-- 1,172,664 for last day
	drop table if exists BI.tmp
	create table BI.tmp (
	 Ip bigint not null,
	 ServiceTag char(7) not null,
	 IpAddress varchar(15) not null,
	 primary key (Ip, ServiceTag)
	 )

	insert into BI.tmp (ServiceTag, IpAddress, Ip )
	 select distinct ev.ServiceTag, ev.IpAddress, ev.Ip
	  from #NewIPs ev
	  left join BI.factIPAddress ip on ip.ServiceTag = ev.ServiceTag and ip.IpAddress = ev.IpAddress
	  where ip.ServiceTag is null
	--create index idx_IpTemp on #temp ( ip )

	-- after this procedure the SSIS package will load bi.tmp into bi.factIpAddress
	-- the time required is about 2 minutes/M rows

END TRY
BEGIN CATCH
    THROW;
END CATCH;

end
GO
PRINT N'Creating [dbo].[spSaveHeartbeatMonth]...';


GO

create procedure spSaveHeartbeatMonth (
		@dt date
	)
as
begin
BEGIN TRY
    if @dt is null 
		set @dt = getUtcDate()

	declare @minDt date
	declare @maxDt date

	set @minDt = dateadd( day, -1 * day( @dt ) + 1, @dt )
	set @maxDt = EOMONTH( @dt  )
	select @minDt , @maxDt

INSERT INTO [BI].[factHeartbeatMonth]
           ([MonthKey]
           ,[ServiceTag]
           ,[ApplicationId]
           ,[AppVersion]
           ,[LanguageCultureName]
           ,[BiosRev]
           ,[PlatformId]
           ,[DefaultBrowserId]
           ,[CpuId]
           ,[OperatingSystemId])
	select
			   EventCreatedTime 
			  ,ServiceTag
			  ,[ApplicationId]
			  ,[AppVersion]
			  ,[LanguageCultureName]
			  ,[BiosRev]
			  ,[PlatformId]
			  ,[DefaultBrowserId]
			  ,[CpuId]
			  ,[OperatingSystemId]
	  from (
		select ServiceTag
			  ,EventCreatedTime
			  ,[ApplicationId]
			  ,[AppVersion]
			  ,[LanguageCultureName]
			  ,[BiosRev]
			  ,[PlatformId]
			  ,[DefaultBrowserId]
			  ,[CpuId]
			  ,[OperatingSystemId]
			  ,monthRnk = row_number() over (partition by ServiceTag, ApplicationId order by EventCreatedTime desc)
		 from
		   -- with the union all the query is slower (we may have to materialize the view)
		  (	select
			   ServiceTag
			  ,EventCreatedTime
			  ,[ApplicationId]
			  ,[AppVersion]
			  ,[LanguageCultureName]
			  ,[BiosRev]
			  ,[PlatformId]
			  ,[DefaultBrowserId]
			  ,[CpuId]
			  ,[OperatingSystemId]
			  ,monthRnkInt = row_number() over (partition by ServiceTag, ApplicationId order by EventCreatedTime desc)
				from BI.factHeartbeat
				where EventCreatedTime between @minDt and @maxDt
			union all
			select
			   ServiceTag
			  ,EventCreatedTime
			  ,[ApplicationId]
			  ,[AppVersion]
			  ,[LanguageCultureName]
			  ,[BiosRev]
			  ,[PlatformId]
			  ,[DefaultBrowserId]
			  ,[CpuId]
			  ,[OperatingSystemId]
			  ,monthRnkInt = row_number() over (partition by ServiceTag, ApplicationId order by EventCreatedTime desc)
				from BI.factEvent
				where EventCreatedTime between @minDt and @maxDt
			) e
		  where monthRnkInt = 1
	  ) hb
	  where monthRnk = 1

END TRY
BEGIN CATCH
    THROW;
END CATCH;

end
GO
/*
Post-Deployment Script Template							
--------------------------------------------------------------------------------------
 This file contains SQL statements that will be appended to the build script.		
 Use SQLCMD syntax to include a file in the post-deployment script.			
 Example:      :r .\myfile.sql								
 Use SQLCMD syntax to reference a variable in the post-deployment script.		
 Example:      :setvar TableName MyTable							
               SELECT * FROM [$(TableName)]					
--------------------------------------------------------------------------------------
*/




/*
	The order here is important
*/
IF not EXISTS (SELECT  * from [MetaData].[FieldType])
BEGIN
insert into [MetaData].[FieldType] ([FieldTypeId],[Description]) values (0,'String');
insert into [MetaData].[FieldType] ([FieldTypeId],[Description]) values (1,'Number');
insert into [MetaData].[FieldType] ([FieldTypeId],[Description]) values (2,'Date');
insert into [MetaData].[FieldType] ([FieldTypeId],[Description]) values (3,'Boolean');
insert into [MetaData].[FieldType] ([FieldTypeId],[Description]) values (4,'Lookup');
insert into [MetaData].[FieldType] ([FieldTypeId],[Description]) values (5,'Lookup w. New Values');
insert into [MetaData].[FieldType] ([FieldTypeId],[Description]) values (6,'GUID');
END

truncate table [MetaData].[Field]
GO
SET IDENTITY_INSERT [MetaData].[Field] ON
insert into [MetaData].[Field] ([FieldId],[FieldTypeId],[FieldNameIn],[FieldNameSql],[FieldNameStorage],[Description],[ElementSql],[RangeMin],[RangeMax],[SpecialRule],[isRequired],[isDeviceData],[isMultiple],[isAppend],[isDynamic],[isDeleted],[Expression],[ApplicationId],[IsEnriched]) values (1,0,'AdditionalData1','ApplicationFieldsListJSON',Null,'Old Additional Data Field',Null,Null,Null,0,0,0,0,1,1,0,Null,Null,0);
insert into [MetaData].[Field] ([FieldId],[FieldTypeId],[FieldNameIn],[FieldNameSql],[FieldNameStorage],[Description],[ElementSql],[RangeMin],[RangeMax],[SpecialRule],[isRequired],[isDeviceData],[isMultiple],[isAppend],[isDynamic],[isDeleted],[Expression],[ApplicationId],[IsEnriched]) values (2,0,'AdditionalData2','ApplicationFieldsListJSON',Null,'Old Additional Data Field 2',Null,Null,Null,0,0,0,0,1,1,0,Null,Null,0);
insert into [MetaData].[Field] ([FieldId],[FieldTypeId],[FieldNameIn],[FieldNameSql],[FieldNameStorage],[Description],[ElementSql],[RangeMin],[RangeMax],[SpecialRule],[isRequired],[isDeviceData],[isMultiple],[isAppend],[isDynamic],[isDeleted],[Expression],[ApplicationId],[IsEnriched]) values (3,0,'AppVersion','AppVersion',Null,'Application Version',Null,Null,Null,0,0,0,0,0,0,0,Null,Null,0);
insert into [MetaData].[Field] ([FieldId],[FieldTypeId],[FieldNameIn],[FieldNameSql],[FieldNameStorage],[Description],[ElementSql],[RangeMin],[RangeMax],[SpecialRule],[isRequired],[isDeviceData],[isMultiple],[isAppend],[isDynamic],[isDeleted],[Expression],[ApplicationId],[IsEnriched]) values (4,0,'BR','DeviceInfoJSON',Null,'BIOS Revision',Null,Null,Null,0,0,1,0,1,0,0,Null,Null,0);
insert into [MetaData].[Field] ([FieldId],[FieldTypeId],[FieldNameIn],[FieldNameSql],[FieldNameStorage],[Description],[ElementSql],[RangeMin],[RangeMax],[SpecialRule],[isRequired],[isDeviceData],[isMultiple],[isAppend],[isDynamic],[isDeleted],[Expression],[ApplicationId],[IsEnriched]) values (5,0,'BV','DeviceInfoJSON',Null,'Browser Version','daws.browser',Null,Null,0,0,1,0,1,0,0,Null,Null,0);
insert into [MetaData].[Field] ([FieldId],[FieldTypeId],[FieldNameIn],[FieldNameSql],[FieldNameStorage],[Description],[ElementSql],[RangeMin],[RangeMax],[SpecialRule],[isRequired],[isDeviceData],[isMultiple],[isAppend],[isDynamic],[isDeleted],[Expression],[ApplicationId],[IsEnriched]) values (6,0,'CPU','DeviceRegistrationInfoJSON',Null,'CPU Description','daws.cpu',Null,Null,0,0,1,0,1,0,0,Null,Null,0);
insert into [MetaData].[Field] ([FieldId],[FieldTypeId],[FieldNameIn],[FieldNameSql],[FieldNameStorage],[Description],[ElementSql],[RangeMin],[RangeMax],[SpecialRule],[isRequired],[isDeviceData],[isMultiple],[isAppend],[isDynamic],[isDeleted],[Expression],[ApplicationId],[IsEnriched]) values (7,0,'BN','DeviceInfoJSON',Null,'Browser Name','daws.browser',Null,Null,0,0,1,0,1,0,0,Null,Null,0);
insert into [MetaData].[Field] ([FieldId],[FieldTypeId],[FieldNameIn],[FieldNameSql],[FieldNameStorage],[Description],[ElementSql],[RangeMin],[RangeMax],[SpecialRule],[isRequired],[isDeviceData],[isMultiple],[isAppend],[isDynamic],[isDeleted],[Expression],[ApplicationId],[IsEnriched]) values (8,6,'ApiKey','ApplicationId',Null,'Key to lookup application',Null,Null,Null,0,1,0,0,0,0,0,Null,Null,0);
insert into [MetaData].[Field] ([FieldId],[FieldTypeId],[FieldNameIn],[FieldNameSql],[FieldNameStorage],[Description],[ElementSql],[RangeMin],[RangeMax],[SpecialRule],[isRequired],[isDeviceData],[isMultiple],[isAppend],[isDynamic],[isDeleted],[Expression],[ApplicationId],[IsEnriched]) values (9,0,'DNV','DotNetVersionList',Null,'DOT NET Version',Null,Null,Null,0,0,1,1,1,0,0,Null,Null,0);
insert into [MetaData].[Field] ([FieldId],[FieldTypeId],[FieldNameIn],[FieldNameSql],[FieldNameStorage],[Description],[ElementSql],[RangeMin],[RangeMax],[SpecialRule],[isRequired],[isDeviceData],[isMultiple],[isAppend],[isDynamic],[isDeleted],[Expression],[ApplicationId],[IsEnriched]) values (10,3,'EULA','ApplicationFieldsListJSON',Null,'End User License Agreement',Null,Null,Null,0,0,0,0,1,0,0,Null,Null,0);
insert into [MetaData].[Field] ([FieldId],[FieldTypeId],[FieldNameIn],[FieldNameSql],[FieldNameStorage],[Description],[ElementSql],[RangeMin],[RangeMax],[SpecialRule],[isRequired],[isDeviceData],[isMultiple],[isAppend],[isDynamic],[isDeleted],[Expression],[ApplicationId],[IsEnriched]) values (11,2,'EventDateTime','EventDateTime',Null,'Event DateTimeStamp UTC',Null,Null,Null,0,0,0,0,0,0,0,Null,Null,0);
insert into [MetaData].[Field] ([FieldId],[FieldTypeId],[FieldNameIn],[FieldNameSql],[FieldNameStorage],[Description],[ElementSql],[RangeMin],[RangeMax],[SpecialRule],[isRequired],[isDeviceData],[isMultiple],[isAppend],[isDynamic],[isDeleted],[Expression],[ApplicationId],[IsEnriched]) values (12,0,'EventTrackingCode','ApplicationFieldsListJSON',Null,'Event Tracking Code',Null,Null,Null,0,0,0,0,1,0,0,Null,Null,0);
insert into [MetaData].[Field] ([FieldId],[FieldTypeId],[FieldNameIn],[FieldNameSql],[FieldNameStorage],[Description],[ElementSql],[RangeMin],[RangeMax],[SpecialRule],[isRequired],[isDeviceData],[isMultiple],[isAppend],[isDynamic],[isDeleted],[Expression],[ApplicationId],[IsEnriched]) values (13,0,'EventTypeName','EventTypeId',Null,'Event Type Name','daws.EventType',Null,Null,0,1,0,0,0,0,0,Null,Null,0);
insert into [MetaData].[Field] ([FieldId],[FieldTypeId],[FieldNameIn],[FieldNameSql],[FieldNameStorage],[Description],[ElementSql],[RangeMin],[RangeMax],[SpecialRule],[isRequired],[isDeviceData],[isMultiple],[isAppend],[isDynamic],[isDeleted],[Expression],[ApplicationId],[IsEnriched]) values (14,1,'ExitCode','ApplicationFieldsListJSON',Null,'Process Exit Code',Null,Null,Null,0,0,0,0,1,0,0,Null,Null,0);
insert into [MetaData].[Field] ([FieldId],[FieldTypeId],[FieldNameIn],[FieldNameSql],[FieldNameStorage],[Description],[ElementSql],[RangeMin],[RangeMax],[SpecialRule],[isRequired],[isDeviceData],[isMultiple],[isAppend],[isDynamic],[isDeleted],[Expression],[ApplicationId],[IsEnriched]) values (15,1,'FileSize','ApplicationFieldsListJSON',Null,'File Size',Null,Null,Null,0,0,0,0,1,0,0,Null,Null,0);
insert into [MetaData].[Field] ([FieldId],[FieldTypeId],[FieldNameIn],[FieldNameSql],[FieldNameStorage],[Description],[ElementSql],[RangeMin],[RangeMax],[SpecialRule],[isRequired],[isDeviceData],[isMultiple],[isAppend],[isDynamic],[isDeleted],[Expression],[ApplicationId],[IsEnriched]) values (16,0,'FileVersion','ApplicationFieldsListJSON',Null,'File Version',Null,Null,Null,0,0,0,0,1,0,0,Null,Null,0);
insert into [MetaData].[Field] ([FieldId],[FieldTypeId],[FieldNameIn],[FieldNameSql],[FieldNameStorage],[Description],[ElementSql],[RangeMin],[RangeMax],[SpecialRule],[isRequired],[isDeviceData],[isMultiple],[isAppend],[isDynamic],[isDeleted],[Expression],[ApplicationId],[IsEnriched]) values (17,0,'Filename','Filename',Null,'Filename',Null,Null,Null,0,0,0,0,0,0,0,Null,Null,0);
insert into [MetaData].[Field] ([FieldId],[FieldTypeId],[FieldNameIn],[FieldNameSql],[FieldNameStorage],[Description],[ElementSql],[RangeMin],[RangeMax],[SpecialRule],[isRequired],[isDeviceData],[isMultiple],[isAppend],[isDynamic],[isDeleted],[Expression],[ApplicationId],[IsEnriched]) values (18,1,'GeoId','DeviceInfoJSON',Null,'GeoId from https://msdn.microsoft.com/en-us/library/windows/desktop/dd374073(v=vs.85).aspx',Null,Null,Null,0,0,1,0,1,0,0,Null,Null,0);
insert into [MetaData].[Field] ([FieldId],[FieldTypeId],[FieldNameIn],[FieldNameSql],[FieldNameStorage],[Description],[ElementSql],[RangeMin],[RangeMax],[SpecialRule],[isRequired],[isDeviceData],[isMultiple],[isAppend],[isDynamic],[isDeleted],[Expression],[ApplicationId],[IsEnriched]) values (19,1,'GbF','DeviceRegistrationInfoJSON',Null,'Harddrive GB Free',Null,Null,Null,0,0,1,0,1,0,0,Null,Null,0);
insert into [MetaData].[Field] ([FieldId],[FieldTypeId],[FieldNameIn],[FieldNameSql],[FieldNameStorage],[Description],[ElementSql],[RangeMin],[RangeMax],[SpecialRule],[isRequired],[isDeviceData],[isMultiple],[isAppend],[isDynamic],[isDeleted],[Expression],[ApplicationId],[IsEnriched]) values (20,0,'IpAddress','DeviceInfoJSON',Null,'IP Address',Null,Null,Null,0,0,1,0,1,0,0,Null,Null,0);
insert into [MetaData].[Field] ([FieldId],[FieldTypeId],[FieldNameIn],[FieldNameSql],[FieldNameStorage],[Description],[ElementSql],[RangeMin],[RangeMax],[SpecialRule],[isRequired],[isDeviceData],[isMultiple],[isAppend],[isDynamic],[isDeleted],[Expression],[ApplicationId],[IsEnriched]) values (21,0,'IsTestDevice','IsTestDevice',Null,'Is Test Device',Null,Null,Null,0,0,1,0,1,0,0,Null,Null,0);
insert into [MetaData].[Field] ([FieldId],[FieldTypeId],[FieldNameIn],[FieldNameSql],[FieldNameStorage],[Description],[ElementSql],[RangeMin],[RangeMax],[SpecialRule],[isRequired],[isDeviceData],[isMultiple],[isAppend],[isDynamic],[isDeleted],[Expression],[ApplicationId],[IsEnriched]) values (22,0,'ItemName','ApplicationFieldsListJSON',Null,'Item Name',Null,Null,Null,0,0,0,0,1,0,0,Null,Null,0);
insert into [MetaData].[Field] ([FieldId],[FieldTypeId],[FieldNameIn],[FieldNameSql],[FieldNameStorage],[Description],[ElementSql],[RangeMin],[RangeMax],[SpecialRule],[isRequired],[isDeviceData],[isMultiple],[isAppend],[isDynamic],[isDeleted],[Expression],[ApplicationId],[IsEnriched]) values (23,0,'LC','DeviceInfoJSON',Null,'Language and Culture (5-digits)',Null,Null,Null,0,0,1,0,1,0,0,Null,Null,0);
insert into [MetaData].[Field] ([FieldId],[FieldTypeId],[FieldNameIn],[FieldNameSql],[FieldNameStorage],[Description],[ElementSql],[RangeMin],[RangeMax],[SpecialRule],[isRequired],[isDeviceData],[isMultiple],[isAppend],[isDynamic],[isDeleted],[Expression],[ApplicationId],[IsEnriched]) values (24,6,'MessageId','MessageId',Null,'Unique Message Id',Null,Null,Null,0,1,0,0,0,0,0,Null,Null,0);
insert into [MetaData].[Field] ([FieldId],[FieldTypeId],[FieldNameIn],[FieldNameSql],[FieldNameStorage],[Description],[ElementSql],[RangeMin],[RangeMax],[SpecialRule],[isRequired],[isDeviceData],[isMultiple],[isAppend],[isDynamic],[isDeleted],[Expression],[ApplicationId],[IsEnriched]) values (25,2,'OCD','DeviceRegistrationInfoJSON',Null,'OOBE Completion Date',Null,Null,Null,0,0,1,0,1,0,0,Null,Null,0);
insert into [MetaData].[Field] ([FieldId],[FieldTypeId],[FieldNameIn],[FieldNameSql],[FieldNameStorage],[Description],[ElementSql],[RangeMin],[RangeMax],[SpecialRule],[isRequired],[isDeviceData],[isMultiple],[isAppend],[isDynamic],[isDeleted],[Expression],[ApplicationId],[IsEnriched]) values (26,1,'OSID','DeviceInfoJSON',Null,'Operating System ID',Null,Null,Null,0,0,1,0,1,0,0,Null,Null,0);
insert into [MetaData].[Field] ([FieldId],[FieldTypeId],[FieldNameIn],[FieldNameSql],[FieldNameStorage],[Description],[ElementSql],[RangeMin],[RangeMax],[SpecialRule],[isRequired],[isDeviceData],[isMultiple],[isAppend],[isDynamic],[isDeleted],[Expression],[ApplicationId],[IsEnriched]) values (27,0,'OSVER','DeviceInfoJSON',Null,'Operating System Version','daws.OperatingSystem',Null,Null,0,0,1,0,1,0,0,Null,Null,0);
insert into [MetaData].[Field] ([FieldId],[FieldTypeId],[FieldNameIn],[FieldNameSql],[FieldNameStorage],[Description],[ElementSql],[RangeMin],[RangeMax],[SpecialRule],[isRequired],[isDeviceData],[isMultiple],[isAppend],[isDynamic],[isDeleted],[Expression],[ApplicationId],[IsEnriched]) values (28,1,'osother','DeviceRegistrationInfoJSON',Null,'Operating System Other Id',Null,Null,Null,0,0,1,0,1,0,0,Null,Null,0);
insert into [MetaData].[Field] ([FieldId],[FieldTypeId],[FieldNameIn],[FieldNameSql],[FieldNameStorage],[Description],[ElementSql],[RangeMin],[RangeMax],[SpecialRule],[isRequired],[isDeviceData],[isMultiple],[isAppend],[isDynamic],[isDeleted],[Expression],[ApplicationId],[IsEnriched]) values (29,1,'OsType','DeviceInfoJSON',Null,'Operating System Type from https://msdn.microsoft.com/en-us/library/windows/desktop/aa394239(v=vs.85).aspx','daws.MapOsTypeToName',Null,Null,2,0,1,0,1,0,0,Null,Null,0);
insert into [MetaData].[Field] ([FieldId],[FieldTypeId],[FieldNameIn],[FieldNameSql],[FieldNameStorage],[Description],[ElementSql],[RangeMin],[RangeMax],[SpecialRule],[isRequired],[isDeviceData],[isMultiple],[isAppend],[isDynamic],[isDeleted],[Expression],[ApplicationId],[IsEnriched]) values (30,3,'PeaVal','DeviceInfoJSON',Null,'??',Null,Null,Null,0,0,1,0,1,0,0,Null,Null,0);
insert into [MetaData].[Field] ([FieldId],[FieldTypeId],[FieldNameIn],[FieldNameSql],[FieldNameStorage],[Description],[ElementSql],[RangeMin],[RangeMax],[SpecialRule],[isRequired],[isDeviceData],[isMultiple],[isAppend],[isDynamic],[isDeleted],[Expression],[ApplicationId],[IsEnriched]) values (31,0,'PID','DeviceInfoJSON',Null,'Platform Id',Null,Null,Null,0,0,1,0,1,0,0,Null,Null,0);
insert into [MetaData].[Field] ([FieldId],[FieldTypeId],[FieldNameIn],[FieldNameSql],[FieldNameStorage],[Description],[ElementSql],[RangeMin],[RangeMax],[SpecialRule],[isRequired],[isDeviceData],[isMultiple],[isAppend],[isDynamic],[isDeleted],[Expression],[ApplicationId],[IsEnriched]) values (32,0,'PN','DeviceInfoJSON',Null,'Platform Name',Null,Null,Null,0,0,1,0,1,0,0,Null,Null,0);
insert into [MetaData].[Field] ([FieldId],[FieldTypeId],[FieldNameIn],[FieldNameSql],[FieldNameStorage],[Description],[ElementSql],[RangeMin],[RangeMax],[SpecialRule],[isRequired],[isDeviceData],[isMultiple],[isAppend],[isDynamic],[isDeleted],[Expression],[ApplicationId],[IsEnriched]) values (33,0,'ST','ServiceTag',Null,'Service Tag',Null,Null,Null,0,1,1,0,0,0,0,Null,Null,0);
insert into [MetaData].[Field] ([FieldId],[FieldTypeId],[FieldNameIn],[FieldNameSql],[FieldNameStorage],[Description],[ElementSql],[RangeMin],[RangeMax],[SpecialRule],[isRequired],[isDeviceData],[isMultiple],[isAppend],[isDynamic],[isDeleted],[Expression],[ApplicationId],[IsEnriched]) values (34,0,'M','DeviceInfoJSON',Null,'System Memory (MB)',Null,Null,Null,0,0,1,0,1,0,0,Null,Null,0);
insert into [MetaData].[Field] ([FieldId],[FieldTypeId],[FieldNameIn],[FieldNameSql],[FieldNameStorage],[Description],[ElementSql],[RangeMin],[RangeMax],[SpecialRule],[isRequired],[isDeviceData],[isMultiple],[isAppend],[isDynamic],[isDeleted],[Expression],[ApplicationId],[IsEnriched]) values (35,0,'UploadedFilename','ApplicationFieldsListJSON',Null,'Uploaded Filename',Null,Null,Null,0,0,0,0,1,0,0,Null,Null,0);
insert into [MetaData].[Field] ([FieldId],[FieldTypeId],[FieldNameIn],[FieldNameSql],[FieldNameStorage],[Description],[ElementSql],[RangeMin],[RangeMax],[SpecialRule],[isRequired],[isDeviceData],[isMultiple],[isAppend],[isDynamic],[isDeleted],[Expression],[ApplicationId],[IsEnriched]) values (36,0,'Url','Url',Null,'URL',Null,Null,Null,0,0,0,0,0,0,0,Null,Null,0);
insert into [MetaData].[Field] ([FieldId],[FieldTypeId],[FieldNameIn],[FieldNameSql],[FieldNameStorage],[Description],[ElementSql],[RangeMin],[RangeMax],[SpecialRule],[isRequired],[isDeviceData],[isMultiple],[isAppend],[isDynamic],[isDeleted],[Expression],[ApplicationId],[IsEnriched]) values (37,2,'TS','EventCreatedTime',Null,'TimeStamp UTC',Null,Null,Null,3,1,0,0,0,0,0,Null,Null,0);
insert into [MetaData].[Field] ([FieldId],[FieldTypeId],[FieldNameIn],[FieldNameSql],[FieldNameStorage],[Description],[ElementSql],[RangeMin],[RangeMax],[SpecialRule],[isRequired],[isDeviceData],[isMultiple],[isAppend],[isDynamic],[isDeleted],[Expression],[ApplicationId],[IsEnriched]) values (38,1,'ApplicationId ','ApplicationFieldsListJSON',Null,'Enriched Application Id',Null,Null,Null,0,0,0,0,0,0,0,Null,0,1);
insert into [MetaData].[Field] ([FieldId],[FieldTypeId],[FieldNameIn],[FieldNameSql],[FieldNameStorage],[Description],[ElementSql],[RangeMin],[RangeMax],[SpecialRule],[isRequired],[isDeviceData],[isMultiple],[isAppend],[isDynamic],[isDeleted],[Expression],[ApplicationId],[IsEnriched]) values (39,1,'EventTypeId','ApplicationFieldsListJSON',Null,'Enriched Event Type Id',Null,Null,Null,0,0,0,0,0,0,0,Null,0,1);
SET IDENTITY_INSERT [MetaData].[Field] OFF

IF not EXISTS (SELECT  * from [API].[EventHubInfo])
BEGIN
SET IDENTITY_INSERT [API].[EventHubInfo] ON
--insert into [API].[EventHubInfo] ([EventHubInfoId],[Namespace],[EventHubName],[Partitions],[Publisher],[LeaseMinutes],[SendRuleName],[SendEventHubKey],[SendConnectionString],[ReceiveRuleName],[ReceiveEventHubKey],[ReceiveConnectionString]) values (1,'sb://platinum-ns.servicebus.windows.net','pla-event-hub-01',32,'1',15,'SendRule','OwkJQoVEcF2ioT1dkamNpcz2cyw3mwMGTAOMlQa1eYs=','Endpoint=sb://platinum-ns.servicebus.windows.net/;SharedAccessKeyName=SendRule;SharedAccessKey=OwkJQoVEcF2ioT1dkamNpcz2cyw3mwMGTAOMlQa1eYs=;EntityPath=pla-event-hub-01','ReceiveRule','dM8Bkd+LxnkJQcEs34j6vAVHShnaz+5ur70Ss7di4S8=','Endpoint=sb://platinum-ns.servicebus.windows.net/;SharedAccessKeyName=ReceiveRule;SharedAccessKey=/XtgQTgIUhS0TawtJ9fRRr9ZpcPE2EpKukMaAzcckso=;');
--insert into [API].[EventHubInfo] ([EventHubInfoId],[Namespace],[EventHubName],[Partitions],[Publisher],[LeaseMinutes],[SendRuleName],[SendEventHubKey],[SendConnectionString],[ReceiveRuleName],[ReceiveEventHubKey],[ReceiveConnectionString]) values (2,'sb://platinum-ns.servicebus.windows.net','pla-event-hub-02',32,'1',15,'SendRule','0mYE1edIt1SYzZ2+D/Z5sfBTVN94oMwiWkaxFDvPKVM=','Endpoint=sb://platinum-ns.servicebus.windows.net/;SharedAccessKeyName=SendRule;SharedAccessKey=saX/iatmVrSNul4bhPivOaRMBaF5g/7VnlO2ZrI4n1U=;EntityPath=pla-event-hub-02','ReceiveRule','mXXr8/i6U4THNeiM0qfgRbdeu5oTA5IN3Ix7dejmeMw=','Endpoint=sb://platinum-ns.servicebus.windows.net/;SharedAccessKeyName=ReceiveRule;SharedAccessKey=/1Xv45tdSTUTCpcSJTCaMzy1pKGGLyWciq3e9JGeXY4=;');
insert into [API].[EventHubInfo] ([EventHubInfoId],[Namespace],[EventHubName],[Partitions],[Publisher],[LeaseMinutes],[SendRuleName],[SendEventHubKey],[SendConnectionString],[ReceiveRuleName],[ReceiveEventHubKey],[ReceiveConnectionString]) values (1,'sb://infydeptest.servicebus.windows.net','msgingestion',23,'1',15,'RootManageSharedAccessKey','h3IQ//eQumsaVRJgCnTHRWqcnsMVplNv+ZTZyV+70lw=','Endpoint=sb://infydeptest.servicebus.windows.net/;SharedAccessKeyName=RootManageSharedAccessKey;SharedAccessKey=h3IQ//eQumsaVRJgCnTHRWqcnsMVplNv+ZTZyV+70lw=;EntityPath=msgingestion','RootManageSharedAccessKey','h3IQ//eQumsaVRJgCnTHRWqcnsMVplNv+ZTZyV+70lw=','Endpoint=sb://infydeptest.servicebus.windows.net/;SharedAccessKeyName=RootManageSharedAccessKey;SharedAccessKey=h3IQ//eQumsaVRJgCnTHRWqcnsMVplNv+ZTZyV+70lw=');
SET IDENTITY_INSERT [API].[EventHubInfo] OFF
END

IF not EXISTS (SELECT  * from [DAWS].[Application])
BEGIN
SET IDENTITY_INSERT [DAWS].[Application] ON
insert into [DAWS].[Application] ([ApplicationId],[ApplicationName],[Description],[ApiKey],[SecretKey],[MayUpdateDeviceDetails],[isEnabled]) values (1,'Dell Update','The Dell Update Windows Application','1B0F4CF7-7673-44BE-9F96-2AF55A55B5F3','874EB60B-22E3-4DC1-9FB9-6E430342BFC3',1,1);
insert into [DAWS].[Application] ([ApplicationId],[ApplicationName],[Description],[ApiKey],[SecretKey],[MayUpdateDeviceDetails],[isEnabled]) values (3,'Cirrus Client','The Dell Digital Delivery Windows Application','3A816346-BED4-426A-B435-EC545117E892','36CED5A6-A018-4349-B600-23616CEC184E',1,1);
insert into [DAWS].[Application] ([ApplicationId],[ApplicationName],[Description],[ApiKey],[SecretKey],[MayUpdateDeviceDetails],[isEnabled]) values (5,'Tests','Unit and Load Tests','4BA5CAE9-8086-4855-B183-ADBAADD1D299','C553A28C-95E3-48EF-A852-6CA53C02562C',1,0);
insert into [DAWS].[Application] ([ApplicationId],[ApplicationName],[Description],[ApiKey],[SecretKey],[MayUpdateDeviceDetails],[isEnabled]) values (6,'DAWS Web API','The DAWS Web API Itself','D95F9E09-F688-46BF-ACBE-716355DAF99C','09127DAB-0F07-4FF1-B420-BF5101DBB102',1,1);
insert into [DAWS].[Application] ([ApplicationId],[ApplicationName],[Description],[ApiKey],[SecretKey],[MayUpdateDeviceDetails],[isEnabled]) values (7,'DAWS Web Portal','The DAWS Web Portal','8B74D7A5-64F8-423D-BE39-A07E67D5C4D0','1F9EEA22-F0CB-49CB-8D41-32E143AE9248',1,1);
insert into [DAWS].[Application] ([ApplicationId],[ApplicationName],[Description],[ApiKey],[SecretKey],[MayUpdateDeviceDetails],[isEnabled]) values (8,'MyLinux','MyLinux','357C531C-8892-458D-96B5-662E77F05518','2F20FDFD-328D-457F-BD33-CBB17C6D3780',1,1);
insert into [DAWS].[Application] ([ApplicationId],[ApplicationName],[Description],[ApiKey],[SecretKey],[MayUpdateDeviceDetails],[isEnabled]) values (9,'Dell Foundation Services','Dell Foundation Services','7D8B69CC-23B7-44D2-89BE-238BD784EE75','93DEB3BE-1802-4CB2-95F9-817A20E27C0A',1,1);
insert into [DAWS].[Application] ([ApplicationId],[ApplicationName],[Description],[ApiKey],[SecretKey],[MayUpdateDeviceDetails],[isEnabled]) values (10,'Learning Center','Learning Center','7C7C126A-09C0-4541-B814-4DCC7AAEA9AE','4E58C867-6E25-4B99-8D13-69F8F716DE2A',0,1);
insert into [DAWS].[Application] ([ApplicationId],[ApplicationName],[Description],[ApiKey],[SecretKey],[MayUpdateDeviceDetails],[isEnabled]) values (11,'Dell Data Services','Dell Data Services','4213F664-865C-4776-9B8D-921624BCA440','66461D01-A8DC-483F-A18D-69D2BDF8CFDD',0,1);
insert into [DAWS].[Application] ([ApplicationId],[ApplicationName],[Description],[ApiKey],[SecretKey],[MayUpdateDeviceDetails],[isEnabled]) values (12,'Kickstart','Kickstart 2.0','704BEF77-8EED-4119-8B15-50DF82733276','236BE345-D52D-4B2D-9914-ECA5F6AF2F19',0,1);
SET IDENTITY_INSERT [DAWS].[Application] OFF
END

IF not EXISTS (SELECT  * from [Daws].[EventType])
BEGIN
SET IDENTITY_INSERT [Daws].[EventType] ON
insert into [Daws].[EventType] ([EventTypeId],[EventTypeName],[Description]) values (1,'DownloadStarted','The source started downloading a file');
insert into [Daws].[EventType] ([EventTypeId],[EventTypeName],[Description]) values (2,'DownloadCompleted','The source finished downloading a file');
insert into [Daws].[EventType] ([EventTypeId],[EventTypeName],[Description]) values (3,'DownloadFailed','The source failed to download a file');
insert into [Daws].[EventType] ([EventTypeId],[EventTypeName],[Description]) values (4,'InstallationStarted','The source started installing a file');
insert into [Daws].[EventType] ([EventTypeId],[EventTypeName],[Description]) values (5,'InstallationCompleted','The source finished installing a file');
insert into [Daws].[EventType] ([EventTypeId],[EventTypeName],[Description]) values (6,'InstallationFailed','The source finished installing a file');
insert into [Daws].[EventType] ([EventTypeId],[EventTypeName],[Description]) values (7,'ApplicationHeartbeat','The source is running');
insert into [Daws].[EventType] ([EventTypeId],[EventTypeName],[Description]) values (8,'ApplicationStarted','The source application has started');
insert into [Daws].[EventType] ([EventTypeId],[EventTypeName],[Description]) values (9,'ApplicationExited','The source application has exited');
insert into [Daws].[EventType] ([EventTypeId],[EventTypeName],[Description]) values (10,'ApplicationCrashed','The source application crashed');
insert into [Daws].[EventType] ([EventTypeId],[EventTypeName],[Description]) values (11,'SystemShutdown','The system is shutting down');
insert into [Daws].[EventType] ([EventTypeId],[EventTypeName],[Description]) values (12,'SystemReboot','The system is rebooting');
insert into [Daws].[EventType] ([EventTypeId],[EventTypeName],[Description]) values (13,'SystemSleep','The system is going to sleep');
insert into [Daws].[EventType] ([EventTypeId],[EventTypeName],[Description]) values (14,'SystemHibernate','The system is hibernating');
insert into [Daws].[EventType] ([EventTypeId],[EventTypeName],[Description]) values (15,'SystemResume','The system is resuming');
insert into [Daws].[EventType] ([EventTypeId],[EventTypeName],[Description]) values (16,'BandwidthTested','The application tested the machine''s bandwidth');
insert into [Daws].[EventType] ([EventTypeId],[EventTypeName],[Description]) values (17,'DeviceInfoChanged','Certain device information has been updated');
insert into [Daws].[EventType] ([EventTypeId],[EventTypeName],[Description]) values (18,'ClientReset','The client has been reset');
insert into [Daws].[EventType] ([EventTypeId],[EventTypeName],[Description]) values (19,'ButtonClicked','Some button was clicked');
insert into [Daws].[EventType] ([EventTypeId],[EventTypeName],[Description]) values (20,'NavigationAction','User navigated to');
insert into [Daws].[EventType] ([EventTypeId],[EventTypeName],[Description]) values (21,'ClickAction','User clicked on');
insert into [Daws].[EventType] ([EventTypeId],[EventTypeName],[Description]) values (22,'LoginAction','User login');
insert into [Daws].[EventType] ([EventTypeId],[EventTypeName],[Description]) values (23,'NotificationAction','User notification');
insert into [Daws].[EventType] ([EventTypeId],[EventTypeName],[Description]) values (24,'CustomEvent','Custom event');
insert into [Daws].[EventType] ([EventTypeId],[EventTypeName],[Description]) values (25,'OneTimePing','The device conducted a one-time-only Ping');
insert into [Daws].[EventType] ([EventTypeId],[EventTypeName],[Description]) values (26,'MenuItemClicked','Some menu item was clicked');
insert into [Daws].[EventType] ([EventTypeId],[EventTypeName],[Description]) values (27,'YellowBangFound','A yellow bang was found in the device manager.');
insert into [Daws].[EventType] ([EventTypeId],[EventTypeName],[Description]) values (28,'YellowBangResolved','A yellow bang that was previously found in the device manager is no longer present.');
insert into [Daws].[EventType] ([EventTypeId],[EventTypeName],[Description]) values (29,'BiosInstallationStarted','The source started installing a BIOS Update');
insert into [Daws].[EventType] ([EventTypeId],[EventTypeName],[Description]) values (30,'BiosInstallationCompleted','The source finished installing a BIOS Update');
insert into [Daws].[EventType] ([EventTypeId],[EventTypeName],[Description]) values (31,'BiosInstallationFailed','The source finished installing a BIOS Update');
insert into [Daws].[EventType] ([EventTypeId],[EventTypeName],[Description]) values (32,'PlatformCatalogNameChanged','The source changed the platform catalog name that it uses.');
insert into [Daws].[EventType] ([EventTypeId],[EventTypeName],[Description]) values (33,'InstallationSkipped','The source skipped installation of a file');
SET IDENTITY_INSERT [Daws].[EventType] OFF
END

GO

GO
